full_name,age,birthday,birthday_GMT,league,season,position,Current Club,minutes_played_overall,minutes_played_home,minutes_played_away,nationality,appearances_overall,appearances_home,appearances_away,goals_overall,goals_home,goals_away,assists_overall,assists_home,assists_away,penalty_goals,penalty_misses,clean_sheets_overall,clean_sheets_home,clean_sheets_away,conceded_overall,conceded_home,conceded_away,yellow_cards_overall,red_cards_overall,goals_involved_per_90_overall,assists_per_90_overall,goals_per_90_overall,goals_per_90_home,goals_per_90_away,min_per_goal_overall,conceded_per_90_overall,min_per_conceded_overall,min_per_match,min_per_card_overall,min_per_assist_overall,cards_per_90_overall,rank_in_league_top_attackers,rank_in_league_top_midfielders,rank_in_league_top_defenders,rank_in_club_top_scorer
Aleksandar Jovanović,32,618192000,1989/08/04,K League 1,2014,Defender,Jeju United,2624,1447,1177,Australia,31,17,14,1,1,0,0,0,0,0,0,12,9,3,24,12,12,4,1,0.03,0,0.03,0.06,0,2624,0.82,109,85,525,0,0.17,149,22,30,8
Alex Wilkinson,37,461203200,1984/08/13,K League 1,2014,Defender,Jeonbuk Motors,2196,1026,1170,Australia,25,12,13,0,0,0,0,0,0,0,0,15,6,9,13,8,5,3,0,0,0,0,0,0,0,0.53,169,88,732,0,0.12,258,12,10,19
Ban-Suk Oh,33,580089600,1988/05/20,K League 1,2014,Defender,Jeju United,3070,1360,1710,South Korea,36,17,19,0,0,0,0,0,0,0,0,13,9,4,31,12,19,4,0,0,0,0,0,0,0,0.91,99,85,768,0,0.12,241,49,38,22
Beom-San Heo,32,621734400,1989/09/14,K League 1,2014,Midfielder,Jeju United,9,9,0,South Korea,1,1,0,0,0,0,0,0,0,0,0,0,0,0,0,0,0,0,0,0,0,0,0,0,0,0,0,9,0,0,0,-1,-1,-1,18
Beom-Seok Oh,37,459907200,1984/07/29,K League 1,2014,Defender,Suwon Bluewings,990,450,540,South Korea,11,5,6,0,0,0,0,0,0,0,0,4,0,4,7,5,2,2,0,0,0,0,0,0,0,0.64,141,90,495,0,0.18,161,91,17,14
Beom-Young Lee,32,607478400,1989/04/02,K League 1,2014,Goalkeeper,Busan I'Park,2790,1350,1440,South Korea,31,15,16,0,0,0,0,0,0,0,0,9,5,4,37,14,23,3,0,0,0,0,0,0,0,1.19,75,90,930,0,0.1,236,152,72,21
Bit-Garam Yoon,31,642038400,1990/05/07,K League 1,2014,Midfielder,Jeju United,3138,1538,1600,South Korea,37,18,19,4,3,1,0,0,0,0,0,13,9,4,29,12,17,3,0,0.11,0,0.11,0.18,0.06,785,0.83,108,85,1046,0,0.09,90,67,-1,4
Bo-Kyung Choi,33,576806400,1988/04/12,K League 1,2014,Defender,Jeonbuk Motors,1196,574,622,South Korea,19,9,10,0,0,0,0,0,0,0,0,13,7,6,4,1,3,2,0,0,0,0,0,0,0,0.3,299,63,598,0,0.15,232,147,1,29
Bon-Sang Gu,32,623462400,1989/10/04,K League 1,2014,Midfielder,Incheon United,2805,1463,1342,South Korea,33,17,16,0,0,0,0,0,0,0,0,12,8,4,32,11,21,6,0,0,0,0,0,0,0,1.03,88,85,468,0,0.19,281,40,-1,24
Bong-Rae Kim,31,646876800,1990/07/02,K League 1,2014,Midfielder,Jeju United,211,129,82,South Korea,7,4,3,0,0,0,0,0,0,0,0,0,0,0,6,4,2,0,0,0,0,0,0,0,0,2.56,35,30,0,0,0,-1,-1,-1,16
Bum-Soo Lee,31,660787200,1990/12/10,K League 1,2014,Goalkeeper,Jeonbuk Motors,0,0,0,South Korea,0,0,0,0,0,0,0,0,0,0,0,0,0,0,0,0,0,0,0,0,0,0,0,0,0,0,0,0,0,0,0,-1,-1,-1,-1
Byung-Ji Kim,51,8380800,1970/04/08,K League 1,2014,Goalkeeper,Jeonnam Dragons,3420,1800,1620,South Korea,38,20,18,0,0,0,0,0,0,0,0,8,4,4,49,24,25,0,0,0,0,0,0,0,0,1.29,70,90,0,0,0,208,260,86,15
Caique Ferreira da Silva Leite,29,719798400,1992/10/23,K League 1,2014,Forward,Seongnam,775,379,396,Brazil,13,6,7,1,1,0,0,0,0,0,0,7,5,2,3,0,3,1,0,0.12,0,0.12,0.24,0,775,0.35,258,60,775,0,0.12,84,2,-1,10
Caique Silva Rocha,34,537235200,1987/01/10,K League 1,2014,Midfielder,Ulsan,17,0,17,Brazil,1,0,1,0,0,0,0,0,0,0,0,1,0,1,0,0,0,0,0,0,0,0,0,0,0,0,0,17,0,0,0,-1,-1,-1,26
Cha-Won Ko,35,515203200,1986/04/30,K League 1,2014,Midfielder,Suwon Bluewings,1656,765,891,South Korea,26,12,14,3,2,1,0,0,0,0,0,10,3,7,15,8,7,1,0,0.16,0,0.16,0.24,0.1,552,0.82,110,64,1656,0,0.05,63,36,-1,9
Chae-Min Lim,31,658886400,1990/11/18,K League 1,2014,Defender,Seongnam,3054,1440,1614,South Korea,34,16,18,0,0,0,0,0,0,0,0,9,6,3,31,16,15,9,0,0,0,0,0,0,0,0.91,99,90,339,0,0.27,267,217,40,27
Chan-Ho Cho,35,513475200,1986/04/10,K League 1,2014,Midfielder,Pohang Steelers,179,108,71,South Korea,3,2,1,0,0,0,0,0,0,0,0,0,0,0,3,2,1,0,0,0,0,0,0,0,0,1.51,60,60,0,0,0,-1,-1,-1,29
Chan-Young Kim,32,607392000,1989/04/01,K League 1,2014,Defender,Busan I'Park,1142,603,539,South Korea,23,11,12,0,0,0,0,0,0,0,0,7,4,3,12,6,6,2,0,0,0,0,0,0,0,0.95,95,50,571,0,0.16,199,171,45,24
Chang-Geun Lee,28,746668800,1993/08/30,K League 1,2014,Goalkeeper,Busan I'Park,630,360,270,South Korea,7,4,3,0,0,0,0,0,0,0,0,0,0,0,10,6,4,0,0,0,0,0,0,0,0,1.43,63,90,0,0,0,175,113,98,17
Chang-Gyun Lim,31,640483200,1990/04/19,K League 1,2014,Midfielder,Gyeongnam,156,77,79,South Korea,5,2,3,0,0,0,0,0,0,0,0,2,1,1,1,1,0,1,0,0,0,0,0,0,0,0.58,156,31,156,0,0.58,-1,-1,-1,22
Chang-Ho Song,35,509241600,1986/02/20,K League 1,2014,Midfielder,Jeonnam Dragons,2018,1318,700,South Korea,28,17,11,4,3,1,0,0,0,1,0,5,3,2,34,18,16,4,0,0.18,0,0.18,0.2,0.13,505,1.52,59,72,505,0,0.18,58,138,-1,4
Chang-Hoon Kim,34,544406400,1987/04/03,K League 1,2014,Midfielder,Sangju Sangmu,893,331,562,South Korea,13,5,8,1,0,1,0,0,0,0,0,3,2,1,12,5,7,2,0,0.1,0,0.1,0,0.16,893,1.21,74,69,447,0,0.2,92,119,-1,11
Chang-Hoon Kwon,27,772934400,1994/06/30,K League 1,2014,Midfielder,Suwon Bluewings,915,533,382,South Korea,20,12,8,1,1,0,0,0,0,0,0,8,3,5,5,3,2,1,0,0.1,0,0.1,0.17,0,915,0.49,183,46,915,0,0.1,94,8,-1,12
Chang-Hoon Lee,35,535161600,1986/12/17,K League 1,2014,Midfielder,Seongnam,1247,752,495,South Korea,21,11,10,0,0,0,0,0,0,0,0,8,6,2,7,3,4,4,0,0,0,0,0,0,0,0.51,178,59,312,0,0.29,268,221,-1,26
Chang-Hyeon Ko,38,432432000,1983/09/15,K League 1,2014,Midfielder,Ulsan,1360,791,569,South Korea,25,13,12,4,2,2,0,0,0,1,0,8,5,3,20,7,13,5,0,0.26,0,0.26,0.23,0.32,340,1.32,68,54,272,0,0.33,35,196,-1,3
Chang-Hyun Yoo,36,484876800,1985/05/14,K League 1,2014,Forward,Pohang Steelers,1093,453,640,South Korea,28,13,15,4,2,2,0,0,0,0,0,13,5,8,12,6,6,1,0,0.33,0,0.33,0.4,0.28,273,0.99,91,39,1093,0,0.08,25,16,-1,6
Chang-Jin Moon,28,742435200,1993/07/12,K League 1,2014,Midfielder,Pohang Steelers,1304,682,622,South Korea,24,13,11,2,1,1,0,0,0,0,0,10,5,5,14,7,7,1,0,0.14,0,0.14,0.13,0.14,652,0.97,93,54,1304,0,0.07,75,183,-1,8
Chang-Min Lee,27,759024000,1994/01/20,K League 1,2014,Midfielder,Gyeongnam,2422,1325,1097,South Korea,32,17,15,2,2,0,0,0,0,0,0,8,6,2,38,17,21,2,0,0.07,0,0.07,0.14,0,1211,1.41,64,76,1211,0,0.07,119,272,-1,6
Cheol-Ho Kim,38,433382400,1983/09/26,K League 1,2014,Midfielder,Seongnam,2298,1205,1093,South Korea,29,15,14,2,1,1,0,0,0,0,0,8,6,2,18,10,8,2,0,0.08,0,0.08,0.07,0.08,1149,0.7,128,79,1149,0,0.08,107,220,-1,7
Chi-Gon Kim,38,428284800,1983/07/29,K League 1,2014,Defender,Ulsan,2958,1428,1530,South Korea,34,17,17,2,1,1,0,0,0,0,0,9,5,4,36,16,20,4,1,0.06,0,0.06,0.06,0.06,1479,1.1,82,87,592,0,0.15,129,186,63,10
Chi-Woo Kim,38,437356800,1983/11/11,K League 1,2014,Midfielder,FC Seoul,1938,1018,920,South Korea,25,14,11,1,1,0,0,0,0,0,0,8,4,4,14,7,7,1,0,0.05,0,0.05,0.09,0,1938,0.65,138,78,1938,0,0.05,135,165,-1,16
Chikashi Masuda,36,487987200,1985/06/19,K League 1,2014,Midfielder,Ulsan,0,0,0,Japan,0,0,0,0,0,0,0,0,0,0,0,0,0,0,0,0,0,0,0,0,0,0,0,0,0,0,0,0,0,0,0,-1,-1,-1,-1
Chol-Ho Kim,26,814579200,1995/10/25,K League 1,2014,Goalkeeper,FC Seoul,0,0,0,South Korea,0,0,0,0,0,0,0,0,0,0,0,0,0,0,0,0,0,0,0,0,0,0,0,0,0,0,0,0,0,0,0,-1,-1,-1,-1
Chul Hong,31,653529600,1990/09/17,K League 1,2014,Defender,Suwon Bluewings,2471,1267,1204,South Korea,29,15,14,0,0,0,0,0,0,0,0,13,4,9,19,12,7,7,0,0,0,0,0,0,0,0.69,130,85,353,0,0.25,249,58,22,13
Chul-Soon Choi,34,539740800,1987/02/08,K League 1,2014,Defender,Jeonbuk Motors,3054,1440,1614,South Korea,34,16,18,0,0,0,0,0,0,0,0,17,10,7,20,7,13,5,0,0,0,0,0,0,0,0.59,153,90,611,0,0.15,275,229,14,23
Chun-Soo Lee,40,363484800,1981/07/09,K League 1,2014,Forward,Incheon United,2039,1086,953,South Korea,28,15,13,1,1,0,0,0,0,0,0,8,7,1,31,9,22,6,1,0.04,0,0.04,0.08,0,2039,1.37,66,73,291,0,0.31,139,41,-1,11
Chun-Suk Bae,31,641174400,1990/04/27,K League 1,2014,Forward,Pohang Steelers,85,41,44,South Korea,4,2,2,0,0,0,0,0,0,0,0,1,1,0,4,1,3,0,0,0,0,0,0,0,0,4.24,21,21,0,0,0,-1,-1,-1,28
Chung-Hyo Park,31,634867200,1990/02/13,K League 1,2014,Goalkeeper,Gyeongnam,0,0,0,South Korea,0,0,0,0,0,0,0,0,0,0,0,0,0,0,0,0,0,0,0,0,0,0,0,0,0,0,0,0,0,0,0,-1,-1,-1,-1
Chung-Yoon Yoo,29,715824000,1992/09/07,K League 1,2014,Defender,Seongnam,96,0,96,South Korea,2,0,2,0,0,0,0,0,0,0,0,0,0,0,1,0,1,0,0,0,0,0,0,0,0,0.94,96,48,0,0,0,-1,-1,-1,28
Da-Hooeon Jeong,34,567129600,1987/12/22,K League 1,2014,Forward,Jeju United,2943,1403,1540,South Korea,34,16,18,1,0,1,0,0,0,0,0,13,9,4,25,8,17,4,0,0.03,0,0.03,0,0.06,2943,0.76,118,87,736,0,0.12,146,66,-1,11
Da-Sol Kim,33,599875200,1989/01/04,K League 1,2014,Goalkeeper,Pohang Steelers,630,180,450,South Korea,7,2,5,0,0,0,0,0,0,0,0,3,1,2,7,2,5,0,0,0,0,0,0,0,0,1,90,90,0,0,0,223,180,52,22
Dae-Ho Kim,33,579657600,1988/05/15,K League 1,2014,Defender,Pohang Steelers,1731,825,906,South Korea,24,13,11,0,0,0,0,0,0,0,0,12,7,5,19,8,11,6,0,0,0,0,0,0,0,0.99,91,72,289,0,0.31,222,182,49,26
Dae-Ho Kim,35,513907200,1986/04/15,K League 1,2014,Goalkeeper,Jeonnam Dragons,0,0,0,South Korea,0,0,0,0,0,0,0,0,0,0,0,0,0,0,0,0,0,0,0,0,0,0,0,0,0,0,0,0,0,0,0,-1,-1,-1,-1
Dae-Jong Bang,36,475718400,1985/01/28,K League 1,2014,Defender,Jeonnam Dragons,2761,1510,1251,South Korea,32,17,15,1,1,0,0,0,0,0,0,8,4,4,39,19,20,3,0,0.03,0,0.03,0.06,0,2761,1.27,71,86,920,0,0.1,143,259,82,10
Dae-Kyung Kim,30,683683200,1991/09/01,K League 1,2014,Forward,Suwon Bluewings,1,1,0,South Korea,1,1,0,0,0,0,0,0,0,0,0,1,1,0,0,0,0,0,0,0,0,0,0,0,0,0,0,1,0,0,0,-1,-1,-1,15
Dae-Sung Jin,32,622166400,1989/09/19,K League 1,2014,Forward,Jeju United,403,170,233,South Korea,19,8,11,3,1,2,0,0,0,1,0,7,4,3,4,1,3,0,0,0.67,0,0.67,0.53,0.77,134,0.89,101,21,0,0,0,1,115,-1,6
Diogo da Silva Farias,31,645235200,1990/06/13,K League 1,2014,Forward,Incheon United,702,322,380,Brazil,11,6,5,1,1,0,0,0,0,0,0,3,1,2,8,4,4,1,0,0.13,0,0.13,0.28,0,702,1.03,88,64,702,0,0.13,77,102,-1,8
Do-Heon Kim,39,395452800,1982/07/14,K League 1,2014,Midfielder,Suwon Bluewings,2290,1081,1209,South Korea,31,16,15,3,1,2,0,0,0,0,0,11,6,5,22,9,13,1,0,0.12,0,0.12,0.08,0.15,763,0.86,104,74,2290,0,0.04,82,69,-1,10
Do-Hyuk Kim,29,697507200,1992/02/08,K League 1,2014,Midfielder,Incheon United,1892,1115,777,South Korea,26,15,11,2,2,0,0,0,0,0,0,9,7,2,20,8,12,6,0,0.1,0,0.1,0.16,0,946,0.95,95,73,315,0,0.29,95,112,-1,7
Do-Yeon Hwang,30,667612800,1991/02/27,K League 1,2014,Defender,Jeju United,755,435,320,South Korea,12,8,4,0,0,0,0,0,0,0,0,4,4,0,12,8,4,3,0,0,0,0,0,0,0,1.43,63,63,252,0,0.36,186,128,97,15
Do-Youp Kim,33,596505600,1988/11/26,K League 1,2014,Midfielder,Gyeongnam,1641,805,836,South Korea,26,15,11,1,0,1,0,0,0,0,0,7,5,2,21,9,12,2,0,0.05,0,0.05,0,0.11,1641,1.15,78,63,821,0,0.11,133,268,-1,10
Dong-Chan Kim,35,514252800,1986/04/19,K League 1,2014,Forward,Jeonbuk Motors,836,404,432,South Korea,22,11,11,4,1,3,0,0,0,0,0,6,3,3,9,3,6,0,0,0.43,0,0.43,0.22,0.63,209,0.97,93,38,0,0,0,12,238,-1,7
Dong-Cheol Kim,31,654739200,1990/10/01,K League 1,2014,Defender,Jeonnam Dragons,617,259,358,South Korea,11,5,6,0,0,0,0,0,0,0,0,2,1,1,7,1,6,3,0,0,0,0,0,0,0,1.02,88,56,206,0,0.44,174,111,54,22
Dong-Cheon Lim,29,721612800,1992/11/13,K League 1,2014,Defender,Ulsan,0,0,0,South Korea,0,0,0,0,0,0,0,0,0,0,0,0,0,0,0,0,0,0,0,0,0,0,0,0,0,0,0,0,0,0,0,-1,-1,-1,-1
Dong-Geon Cho,35,513993600,1986/04/16,K League 1,2014,Forward,Sangju Sangmu,1700,738,962,South Korea,23,11,12,3,2,1,0,0,0,0,0,3,2,1,29,11,18,0,0,0.16,0,0.16,0.24,0.09,567,1.54,59,74,0,0,0,64,3,-1,4
Dong-Geon No,30,686534400,1991/10/04,K League 1,2014,Goalkeeper,Suwon Bluewings,360,270,90,South Korea,4,3,1,0,0,0,0,0,0,0,0,2,1,1,4,4,0,0,0,0,0,0,0,0,0,1,90,90,0,0,0,255,7,50,19
Dong-Gook Lee,42,294192000,1979/04/29,K League 1,2014,Forward,Jeonbuk Motors,2191,1157,1034,South Korea,31,16,15,13,9,4,0,0,0,2,0,18,10,8,12,7,5,1,0,0.53,0,0.53,0.7,0.35,169,0.49,183,71,2191,0,0.04,3,144,-1,1
Dong-Hee Kim,32,610416000,1989/05/06,K League 1,2014,Forward,Seongnam,2198,1090,1108,South Korea,32,15,17,5,3,2,0,0,0,0,0,7,4,3,26,14,12,1,0,0.2,0,0.2,0.25,0.16,440,1.06,85,69,2198,0,0.04,51,224,-1,3
Dong-Ho Jeong,31,636768000,1990/03/07,K League 1,2014,Defender,Ulsan,1482,766,716,South Korea,20,10,10,0,0,0,0,0,0,0,0,4,3,1,20,9,11,3,0,0,0,0,0,0,0,1.21,74,74,494,0,0.18,187,127,75,24
Dong-Hyuk Park,42,293241600,1979/04/18,K League 1,2014,Defender,Ulsan,707,341,366,South Korea,15,6,9,1,0,1,0,0,0,0,0,4,3,1,10,4,6,2,0,0.13,0,0.13,0,0.25,707,1.27,71,47,354,0,0.25,79,201,83,13
Dong-Hyun Hong,30,688780800,1991/10/30,K League 1,2014,Midfielder,Busan I'Park,947,474,473,South Korea,17,8,9,0,0,0,0,0,0,0,0,5,2,3,16,7,9,6,0,0,0,0,0,0,0,1.52,59,56,158,0,0.57,198,172,-1,26
Dong-Hyun Yang,35,512352000,1986/03/28,K League 1,2014,Forward,Ulsan,2359,909,1450,South Korea,30,12,18,9,5,4,0,0,0,2,0,7,3,4,33,11,22,5,0,0.34,0,0.34,0.5,0.25,262,1.26,71,79,472,0,0.19,24,168,-1,2
Dong-Min Yoon,33,585705600,1988/07/24,K League 1,2014,Midfielder,Busan I'Park,62,0,62,South Korea,2,0,2,0,0,0,0,0,0,0,0,1,0,1,1,0,1,0,0,0,0,0,0,0,0,1.45,62,31,0,0,0,-1,-1,-1,32
Dong-Sub Kim,32,607132800,1989/03/29,K League 1,2014,Forward,Seongnam,2146,1004,1142,South Korea,34,16,18,4,2,2,0,0,0,0,0,11,8,3,21,10,11,2,0,0.17,0,0.17,0.18,0.16,537,0.88,102,63,1073,0,0.08,60,223,-1,5
Dong-Suk Kim,34,543715200,1987/03/26,K League 1,2014,Midfielder,FC Seoul,142,23,119,South Korea,3,1,2,0,0,0,0,0,0,0,0,2,1,1,0,0,0,1,0,0,0,0,0,0,0,0,0,47,142,0,0.63,-1,-1,-1,17
Dong-Woo Kim,33,571017600,1988/02/05,K League 1,2014,Defender,FC Seoul,0,0,0,South Korea,0,0,0,0,0,0,0,0,0,0,0,0,0,0,0,0,0,0,0,0,0,0,0,0,0,0,0,0,0,0,0,-1,-1,-1,-1
Dong-Woon Sim,31,636422400,1990/03/03,K League 1,2014,Forward,Jeonnam Dragons,1331,672,659,South Korea,20,10,10,2,1,1,0,0,0,0,0,5,2,3,18,8,10,1,0,0.14,0,0.14,0.13,0.14,666,1.22,74,67,1331,0,0.07,73,265,-1,9
Du-Ri Cha,41,333331200,1980/07/25,K League 1,2014,Defender,FC Seoul,2273,1243,1030,South Korea,28,14,14,0,0,0,0,0,0,0,0,11,5,6,13,7,6,2,0,0,0,0,0,0,0,0.51,175,81,1137,0,0.08,152,27,8,23
Edin Junuzovic,35,515030400,1986/04/28,K League 1,2014,Forward,Gyeongnam,850,414,436,Croatia,15,7,8,2,1,1,0,0,0,0,0,3,2,1,9,3,6,1,0,0.21,0,0.21,0.22,0.21,425,0.95,94,57,850,0,0.11,50,101,-1,5
Eui-Gwon Han,27,772934400,1994/06/30,K League 1,2014,Forward,Gyeongnam,238,54,184,South Korea,11,5,6,0,0,0,0,0,0,0,0,2,2,0,6,0,6,0,0,0,0,0,0,0,0,2.27,40,22,0,0,0,-1,-1,-1,20
Eui-Jo Hwang,29,714960000,1992/08/28,K League 1,2014,Forward,Seongnam,1450,840,610,South Korea,28,14,14,4,3,1,0,0,0,0,0,8,6,2,14,9,5,1,0,0.25,0,0.25,0.32,0.15,363,0.87,104,52,1450,0,0.06,41,21,-1,4
Eun-Kyu Jang,29,713836800,1992/08/15,K League 1,2014,Midfielder,Jeju United,1786,883,903,South Korea,22,11,11,0,0,0,0,0,0,0,0,8,6,2,17,8,9,7,0,0,0,0,0,0,0,0.86,105,81,255,0,0.35,162,104,-1,14
Eun-Seon Kim,33,575683200,1988/03/30,K League 1,2014,Midfielder,Suwon Bluewings,3110,1632,1478,South Korea,37,19,18,4,2,2,0,0,0,0,0,14,6,8,27,14,13,3,0,0.12,0,0.12,0.11,0.12,778,0.78,115,84,1037,0,0.09,80,35,-1,6
Eun-Seong Choi,50,39657600,1971/04/05,K League 1,2014,Goalkeeper,Jeonbuk Motors,226,226,0,South Korea,3,3,0,0,0,0,0,0,0,0,0,2,2,0,3,3,0,0,0,0,0,0,0,0,0,1.19,75,75,0,0,0,-1,-1,-1,21
Éverton Leandro dos Santos Pinto,35,529632000,1986/10/14,K League 1,2014,Forward,FC Seoul,1125,550,575,Brazil,16,7,9,3,0,3,0,0,0,0,0,5,2,3,7,4,3,0,0,0.24,0,0.24,0,0.47,375,0.56,161,70,0,0,0,44,99,-1,5
Filip Kasalica,33,598320000,1988/12/17,K League 1,2014,Forward,Ulsan,748,412,336,Montenegro,12,7,5,0,0,0,0,0,0,0,0,5,3,2,7,5,2,5,1,0,0,0,0,0,0,0.84,107,62,150,0,0.6,171,87,-1,17
George Leandro Abreu de Lima,36,500342400,1985/11/09,K League 1,2014,Midfielder,Jeonnam Dragons,1358,817,541,Brazil,30,17,13,3,2,1,0,0,0,0,0,7,3,4,17,10,7,2,0,0.2,0,0.2,0.22,0.17,453,1.13,80,45,679,0,0.13,52,254,-1,5
Geun-Hwan Kim,35,524188800,1986/08/12,K League 1,2014,Defender,Ulsan,1165,355,810,South Korea,17,7,10,0,0,0,0,0,0,0,0,5,3,2,14,3,11,0,0,0,0,0,0,0,0,1.08,83,69,0,0,0,180,81,60,19
Gi-Dong Park,33,594345600,1988/11/01,K League 1,2014,Forward,Jeonnam Dragons,388,178,210,South Korea,7,4,3,0,0,0,0,0,0,0,0,2,2,0,6,2,4,1,0,0,0,0,0,0,0,1.39,65,55,388,0,0.23,153,23,-1,24
Gi-Yong Kim,31,662256000,1990/12/27,K League 1,2014,Goalkeeper,Busan I'Park,0,0,0,South Korea,0,0,0,0,0,0,0,0,0,0,0,0,0,0,0,0,0,0,0,0,0,0,0,0,0,0,0,0,0,0,0,-1,-1,-1,-1
Gwang-Hoon Lee,28,754272000,1993/11/26,K League 1,2014,Forward,Pohang Steelers,228,0,228,South Korea,4,0,4,0,0,0,0,0,0,0,0,0,0,0,4,0,4,0,0,0,0,0,0,0,0,1.58,57,57,0,0,0,-1,-1,-1,24
Gwang-Hyuk Lee,26,810777600,1995/09/11,K League 1,2014,Midfielder,Pohang Steelers,226,92,134,South Korea,9,3,6,0,0,0,0,0,0,0,0,7,2,5,2,1,1,1,0,0,0,0,0,0,0,0.8,113,25,226,0,0.4,-1,-1,-1,17
Gwang-Seok Kim,38,413856000,1983/02/12,K League 1,2014,Defender,Pohang Steelers,2970,1440,1530,South Korea,33,16,17,2,2,0,0,0,0,0,0,15,8,7,29,11,18,0,0,0.06,0,0.06,0.13,0,1485,0.88,102,90,0,0,0,122,142,37,9
Gyo-Bin Kim,34,566870400,1987/12/19,K League 1,2014,Goalkeeper,Gyeongnam,0,0,0,South Korea,0,0,0,0,0,0,0,0,0,0,0,0,0,0,0,0,0,0,0,0,0,0,0,0,0,0,0,0,0,0,0,-1,-1,-1,-1
Gyo-Won Han,31,645408000,1990/06/15,K League 1,2014,Midfielder,Jeonbuk Motors,2212,1061,1151,South Korea,32,15,17,11,5,6,0,0,0,0,0,18,8,10,14,8,6,1,0,0.45,0,0.45,0.42,0.47,201,0.57,158,69,2212,0,0.04,11,159,-1,2
Gyu-Ro Lee,33,588038400,1988/08/20,K League 1,2014,Defender,Jeonbuk Motors,1099,504,595,South Korea,14,6,8,0,0,0,0,0,0,0,0,9,3,6,5,2,3,3,0,0,0,0,0,0,0,0.41,220,79,366,0,0.25,230,198,4,32
Ha-Ram Lim,31,658886400,1990/11/18,K League 1,2014,Defender,Incheon United,446,36,410,South Korea,12,5,7,0,0,0,0,0,0,0,0,6,3,3,4,1,3,1,0,0,0,0,0,0,0,0.81,112,37,446,0,0.2,181,76,29,13
Hack-Yong Jang,40,367459200,1981/08/24,K League 1,2014,Defender,Busan I'Park,2792,1446,1346,South Korea,33,18,15,0,0,0,0,0,0,0,0,7,5,2,42,18,24,2,0,0,0,0,0,0,0,1.35,66,85,1396,0,0.06,216,154,93,30
Hae-Sung Kwak,30,691977600,1991/12/06,K League 1,2014,Defender,Seongnam,1155,410,745,South Korea,15,6,9,1,1,0,0,0,0,0,0,5,3,2,8,2,6,1,0,0.08,0,0.08,0.22,0,1155,0.62,144,77,1155,0,0.08,112,218,15,9
Hak-Min Lee,30,668649600,1991/03/11,K League 1,2014,Defender,Gyeongnam,1292,656,636,South Korea,19,10,9,1,1,0,0,0,0,0,0,3,2,1,15,5,10,5,1,0.07,0,0.07,0.14,0,1292,1.04,86,68,258,0,0.35,117,139,55,9
Han-Bin Yang,30,683510400,1991/08/30,K League 1,2014,Goalkeeper,FC Seoul,0,0,0,South Korea,0,0,0,0,0,0,0,0,0,0,0,0,0,0,0,0,0,0,0,0,0,0,0,0,0,0,0,0,0,0,0,-1,-1,-1,-1
Han-Saem Lee,32,624672000,1989/10/18,K League 1,2014,Defender,Gyeongnam,868,238,630,South Korea,12,4,8,0,0,0,0,0,0,0,0,4,2,2,15,4,11,4,0,0,0,0,0,0,0,1.56,58,72,217,0,0.41,237,276,102,34
Hee-Chul Park,36,505440000,1986/01/07,K League 1,2014,Midfielder,Pohang Steelers,1491,868,623,South Korea,19,12,7,0,0,0,0,0,0,0,0,10,7,3,11,5,6,6,0,0,0,0,0,0,0,0.66,136,78,249,0,0.36,220,188,-1,30
Hee-seong Lee,31,643766400,1990/05/27,K League 1,2014,Goalkeeper,Ulsan,748,270,478,South Korea,9,3,6,0,0,0,0,0,0,0,0,0,0,0,13,4,9,0,0,0,0,0,0,0,0,1.56,58,83,0,0,0,227,200,101,28
Hee-Seong Park,31,639446400,1990/04/07,K League 1,2014,Forward,FC Seoul,884,409,475,South Korea,19,10,9,2,2,0,0,0,0,0,0,8,4,4,3,0,3,1,0,0.2,0,0.2,0.44,0,442,0.31,295,47,884,0,0.1,55,117,-1,8
Hee-Sung Park,34,544752000,1987/04/07,K League 1,2014,Midfielder,Seongnam,1775,922,853,South Korea,22,11,11,0,0,0,0,0,0,0,0,3,3,0,21,11,10,3,0,0,0,0,0,0,0,1.06,85,81,592,0,0.15,270,225,-1,24
Ho Lee,37,467251200,1984/10/22,K League 1,2014,Midfielder,Ulsan,2290,975,1315,South Korea,27,12,15,3,2,1,0,0,0,0,0,5,3,2,33,10,23,4,0,0.12,0,0.12,0.18,0.07,763,1.3,69,85,573,0,0.16,81,245,-1,4
Ho-Jun Kim,37,456624000,1984/06/21,K League 1,2014,Goalkeeper,Jeju United,3318,1698,1620,South Korea,37,19,18,0,0,0,0,0,0,0,0,12,9,3,35,16,19,1,0,0,0,0,0,0,0,0.95,95,90,3318,0,0.03,259,48,44,12
Ho-Jung Choi,32,629078400,1989/12/08,K League 1,2014,Midfielder,Sangju Sangmu,2176,1216,960,South Korea,27,14,13,0,0,0,0,0,0,0,0,4,3,1,37,16,21,3,0,0,0,0,0,0,0,1.53,59,81,725,0,0.12,178,132,-1,16
Ho-Seok Lee,30,674784000,1991/05/21,K League 1,2014,Midfielder,Gyeongnam,413,258,155,South Korea,12,6,6,0,0,0,0,0,0,0,0,4,4,0,3,0,3,2,0,0,0,0,0,0,0,0.65,138,34,207,0,0.44,263,266,-1,29
Ho-Yeon Cho,33,581472000,1988/06/05,K League 1,2014,Midfielder,Sangju Sangmu,0,0,0,South Korea,0,0,0,0,0,0,0,0,0,0,0,0,0,0,0,0,0,0,0,0,0,0,0,0,0,0,0,0,0,0,0,-1,-1,-1,-1
Ho-Young Song,33,569721600,1988/01/21,K League 1,2014,Forward,Gyeongnam,95,72,23,South Korea,3,2,1,0,0,0,0,0,0,0,0,3,2,1,0,0,0,0,0,0,0,0,0,0,0,0,0,32,0,0,0,-1,-1,-1,30
Hoon Jung,36,494294400,1985/08/31,K League 1,2014,Midfielder,Jeonbuk Motors,334,164,170,South Korea,7,5,2,0,0,0,0,0,0,0,0,3,3,0,4,2,2,3,0,0,0,0,0,0,0,1.08,84,48,111,0,0.81,279,233,-1,20
Hu-Kwon Lee,31,657244800,1990/10/30,K League 1,2014,Midfielder,Sangju Sangmu,861,403,458,South Korea,15,8,7,0,0,0,0,0,0,0,0,2,2,0,15,2,13,5,0,0,0,0,0,0,0,1.57,57,57,172,0,0.52,166,120,-1,17
Hugo Patricio Droguett Diocares,39,399772800,1982/09/02,K League 1,2014,Midfielder,Jeju United,3033,1529,1504,Chile,36,18,18,10,4,6,0,0,0,2,0,12,8,4,31,14,17,2,0,0.3,0,0.3,0.24,0.36,303,0.92,98,84,1517,0,0.06,30,37,-1,1
Hwa-Yong Shin,38,419040000,1983/04/13,K League 1,2014,Goalkeeper,Pohang Steelers,2741,1481,1260,South Korea,31,17,14,0,0,0,0,0,0,0,0,14,8,6,25,11,14,2,0,0,0,0,0,0,0,0.82,110,88,1371,0,0.07,194,1,31,16
Hyeon-Chul Jeon,31,646963200,1990/07/03,K League 1,2014,Forward,Jeonnam Dragons,816,286,530,South Korea,21,10,11,1,1,0,0,0,0,0,0,5,2,3,9,3,6,0,0,0.11,0,0.11,0.31,0,816,0.99,91,39,0,0,0,87,257,-1,12
Hyeon-Jun Ku,28,755740800,1993/12/13,K League 1,2014,Defender,Busan I'Park,180,90,90,South Korea,2,1,1,0,0,0,0,0,0,0,0,0,0,0,2,1,1,0,0,0,0,0,0,0,0,1,90,90,0,0,0,-1,-1,-1,12
Hyeong-Rok Kim,30,677116800,1991/06/17,K League 1,2014,Goalkeeper,Jeju United,0,0,0,South Korea,0,0,0,0,0,0,0,0,0,0,0,0,0,0,0,0,0,0,0,0,0,0,0,0,0,0,0,0,0,0,0,-1,-1,-1,-1
Hyo-Gyun Lee,33,574128000,1988/03/12,K League 1,2014,Forward,Incheon United,1401,718,683,South Korea,29,12,17,4,1,3,0,0,0,0,0,10,7,3,24,8,16,4,0,0.26,0,0.26,0.13,0.4,350,1.54,58,48,350,0,0.26,34,45,-1,3
Hyo-Jin Choi,38,430012800,1983/08/18,K League 1,2014,Defender,FC Seoul,975,435,540,South Korea,13,7,6,0,0,0,0,0,0,0,0,4,1,3,6,3,3,1,0,0,0,0,0,0,0,0.55,163,75,975,0,0.09,204,248,11,27
Hyuk Jung,35,517017600,1986/05/21,K League 1,2014,Midfielder,Jeonbuk Motors,1366,763,603,South Korea,19,11,8,3,1,2,0,0,0,0,0,10,7,3,8,4,4,3,0,0.2,0,0.2,0.12,0.3,455,0.53,171,72,455,0,0.2,54,176,-1,8
Hyuk-Jin Jang,32,628905600,1989/12/06,K League 1,2014,Midfielder,Sangju Sangmu,317,202,115,South Korea,7,4,3,0,0,0,0,0,0,0,0,1,1,0,5,1,4,0,0,0,0,0,0,0,0,1.42,63,45,0,0,0,276,241,-1,25
Hyuk-Jin Kwon,37,472780800,1984/12/25,K League 1,2014,Midfielder,Incheon United,73,29,44,South Korea,6,2,4,0,0,0,0,0,0,0,0,4,2,2,0,0,0,0,0,0,0,0,0,0,0,0,0,12,0,0,0,-1,-1,-1,14
Hyun Kim,28,736387200,1993/05/03,K League 1,2014,Forward,Jeju United,1981,925,1056,South Korea,33,17,16,2,2,0,0,0,0,0,0,12,8,4,25,11,14,2,0,0.09,0,0.09,0.19,0,991,1.14,79,60,991,0,0.09,98,65,-1,7
Hyun Yoo,37,460166400,1984/08/01,K League 1,2014,Goalkeeper,Incheon United,900,630,270,South Korea,10,7,3,0,0,0,0,0,0,0,0,2,1,1,10,8,2,0,0,0,0,0,0,0,0,1,90,90,0,0,0,158,90,51,26
Hyun-Ho Lee,33,596764800,1988/11/29,K League 1,2014,Midfielder,Jeju United,499,275,224,South Korea,11,5,6,0,0,0,0,0,0,0,0,3,2,1,8,6,2,0,0,0,0,0,0,0,0,1.44,62,45,0,0,0,156,75,-1,13
Hyun-Jin Yong,33,585273600,1988/07/19,K League 1,2014,Defender,Incheon United,1995,938,1057,South Korea,24,11,13,0,0,0,0,0,0,0,0,10,8,2,25,5,20,6,0,0,0,0,0,0,0,1.13,80,83,333,0,0.27,260,46,65,20
Hyun-Seung Lee,33,598060800,1988/12/14,K League 1,2014,Midfielder,Jeonnam Dragons,1397,568,829,South Korea,19,9,10,2,1,1,0,0,0,1,0,3,1,2,24,11,13,3,0,0.13,0,0.13,0.16,0.11,699,1.55,58,74,466,0,0.19,78,255,-1,7
Hyun-Sung Kim,32,622857600,1989/09/27,K League 1,2014,Forward,FC Seoul,349,213,136,South Korea,6,4,2,0,0,0,0,0,0,0,0,2,1,1,4,2,2,0,0,0,0,0,0,0,0,1.03,87,58,0,0,0,196,263,-1,25
Hyun-Tae Choi,34,558662400,1987/09/15,K League 1,2014,Midfielder,FC Seoul,813,402,411,South Korea,17,6,11,0,0,0,0,0,0,0,0,6,3,3,9,2,7,1,0,0,0,0,0,0,0,1,90,48,813,0,0.11,207,261,-1,24
Hyun-Woo Jang,28,738374400,1993/05/26,K League 1,2014,Defender,Sangju Sangmu,0,0,0,South Korea,0,0,0,0,0,0,0,0,0,0,0,0,0,0,0,0,0,0,0,0,0,0,0,0,0,0,0,0,0,0,0,-1,-1,-1,-1
Hyun-Woong Lee,33,578102400,1988/04/27,K League 1,2014,Midfielder,Sangju Sangmu,200,122,78,South Korea,5,2,3,0,0,0,0,0,0,0,0,0,0,0,4,2,2,0,0,0,0,0,0,0,0,1.8,50,40,0,0,0,-1,-1,-1,26
Hyun-Yeon Choi,37,450921600,1984/04/16,K League 1,2014,Midfielder,Gyeongnam,90,0,90,South Korea,1,0,1,0,0,0,0,0,0,0,0,0,0,0,3,0,3,0,0,0,0,0,0,0,0,3,30,90,0,0,0,-1,-1,-1,25
Hyung-Il Kim,37,451872000,1984/04/27,K League 1,2014,Defender,Pohang Steelers,1094,544,550,South Korea,14,7,7,1,1,0,0,0,0,0,0,6,3,3,9,4,5,3,0,0.08,0,0.08,0.17,0,1094,0.74,122,78,365,0,0.25,110,179,24,12
Hyung-Min Shin,35,522028800,1986/07/18,K League 1,2014,Midfielder,Jeonbuk Motors,2202,1069,1133,South Korea,25,12,13,0,0,0,0,0,0,0,0,16,8,8,9,5,4,3,0,0,0,0,0,0,0,0.37,245,88,734,0,0.12,183,80,-1,13
Ik-Hyun Kim,32,609897600,1989/04/30,K League 1,2014,Midfielder,Busan I'Park,1156,396,760,South Korea,19,7,12,1,0,1,0,0,0,0,0,4,2,2,14,3,11,4,1,0.08,0,0.08,0,0.12,1156,1.09,83,61,289,0,0.31,111,15,-1,9
Il-Goo Han,34,540604800,1987/02/18,K League 1,2014,Goalkeeper,FC Seoul,0,0,0,South Korea,0,0,0,0,0,0,0,0,0,0,0,0,0,0,0,0,0,0,0,0,0,0,0,0,0,0,0,0,0,0,0,-1,-1,-1,-1
Il-Hwan Bae,33,585360000,1988/07/20,K League 1,2014,Forward,Jeju United,1212,701,511,South Korea,26,14,12,0,0,0,0,0,0,0,0,11,7,4,10,7,3,1,0,0,0,0,0,0,0,0.74,121,47,1212,0,0.07,245,63,-1,23
Il-Lok Yun,29,699926400,1992/03/07,K League 1,2014,Forward,FC Seoul,1910,931,979,South Korea,27,14,13,7,4,3,0,0,0,0,0,11,6,5,15,6,9,0,0,0.33,0,0.33,0.39,0.28,273,0.71,127,71,0,0,0,26,212,-1,1
Il-Soo Hwang,34,555379200,1987/08/08,K League 1,2014,Midfielder,Jeju United,2514,1252,1262,South Korea,31,16,15,7,4,3,0,0,0,0,0,10,7,3,27,13,14,1,0,0.25,0,0.25,0.29,0.21,359,0.97,93,81,2514,0,0.04,39,68,-1,2
In-Hwan Jung,35,534988800,1986/12/15,K League 1,2014,Defender,Jeonbuk Motors,1434,804,630,South Korea,18,11,7,0,0,0,0,0,0,0,0,9,5,4,9,7,2,2,0,0,0,0,0,0,0,0.56,159,80,717,0,0.13,229,199,12,25
In-Hyung Cho,31,633830400,1990/02/01,K League 1,2014,Midfielder,Ulsan,62,0,62,South Korea,1,0,1,0,0,0,0,0,0,0,0,0,0,0,0,0,0,0,0,0,0,0,0,0,0,0,0,62,0,0,0,-1,-1,-1,18
In-Kyu Lee,29,716601600,1992/09/16,K League 1,2014,Forward,Jeonnam Dragons,173,70,103,South Korea,4,1,3,0,0,0,0,0,0,0,0,0,0,0,4,1,3,0,0,0,0,0,0,0,0,2.08,43,43,0,0,0,-1,-1,-1,17
In-Sung Kim,32,621302400,1989/09/09,K League 1,2014,Midfielder,Jeonbuk Motors,440,125,315,South Korea,11,3,8,0,0,0,0,0,0,0,0,6,1,5,3,1,2,1,0,0,0,0,0,0,0,0.61,147,40,440,0,0.2,235,150,-1,22
Ivan Vuković,34,539827200,1987/02/09,K League 1,2014,Forward,Seongnam,29,0,29,Montenegro,1,0,1,0,0,0,0,0,0,0,0,0,0,0,1,0,1,0,0,0,0,0,0,0,0,3.1,29,29,0,0,0,-1,-1,-1,12
Ja-Ryong Koo,29,702518400,1992/04/06,K League 1,2014,Defender,Suwon Bluewings,298,107,191,South Korea,7,2,5,0,0,0,0,0,0,0,0,2,1,1,4,0,4,0,0,0,0,0,0,0,0,1.21,75,43,0,0,0,191,70,76,18
Jacio Marcos de Jesus,32,617760000,1989/07/30,K League 1,2014,Midfielder,Busan I'Park,72,31,41,Brazil,6,4,2,0,0,0,0,0,0,0,0,0,0,0,2,2,0,1,0,0,0,0,0,0,0,2.5,36,12,72,0,1.25,-1,-1,-1,14
Jae-An Lee,33,582854400,1988/06/21,K League 1,2014,Forward,Gyeongnam,1934,998,936,South Korea,26,13,13,3,2,1,0,0,0,1,0,7,4,3,32,12,20,0,0,0.14,0,0.14,0.18,0.1,645,1.49,60,74,0,0,0,74,271,-1,3
Jae-Eok Lee,32,612835200,1989/06/03,K League 1,2014,Defender,Jeonnam Dragons,417,191,226,South Korea,6,3,3,0,0,0,0,0,0,0,0,0,0,0,4,2,2,1,0,0,0,0,0,0,0,0.86,104,70,417,0,0.22,164,93,36,19
Jae-Hoon Ahn,33,570672000,1988/02/01,K League 1,2014,Defender,Sangju Sangmu,1779,815,964,South Korea,22,11,11,1,1,0,0,0,0,0,0,5,3,2,28,11,17,5,1,0.05,0,0.05,0.11,0,1779,1.42,64,81,356,0,0.25,132,135,96,12
Jae-Hun Hwang,35,510796800,1986/03/10,K League 1,2014,Defender,Busan I'Park,293,157,136,South Korea,5,2,3,0,0,0,0,0,0,0,0,0,0,0,3,1,2,2,0,0,0,0,0,0,0,0.92,98,59,147,0,0.61,167,126,42,13
Jae-Hyun Kim,34,542246400,1987/03/09,K League 1,2014,Defender,Busan I'Park,391,180,211,South Korea,5,2,3,0,0,0,0,0,0,0,0,0,0,0,7,2,5,2,0,0,0,0,0,0,0,1.61,56,78,196,0,0.46,206,155,103,29
Jae-Joon Ahn,35,508204800,1986/02/08,K League 1,2014,Defender,Incheon United,3240,1710,1530,South Korea,36,19,17,0,0,0,0,0,0,0,0,13,9,4,40,14,26,4,0,0,0,0,0,0,0,1.11,81,90,810,0,0.11,257,10,64,18
Jae-Myung Lee,30,680400000,1991/07/25,K League 1,2014,Defender,Jeonbuk Motors,674,270,404,South Korea,8,3,5,0,0,0,0,0,0,0,0,6,2,4,4,3,1,1,0,0,0,0,0,0,0,0.53,169,84,674,0,0.13,234,149,9,26
Jae-Seong Park,30,677289600,1991/06/19,K League 1,2014,Defender,Seongnam,0,0,0,South Korea,1,1,0,0,0,0,0,0,0,0,0,1,1,0,0,0,0,0,0,0,0,0,0,0,0,0,0,0,0,0,0,-1,-1,-1,-1
Jae-Soo Choi,38,420681600,1983/05/02,K League 1,2014,Defender,Suwon Bluewings,735,382,353,South Korea,10,5,5,0,0,0,0,0,0,0,0,4,3,1,8,2,6,2,1,0,0,0,0,0,0,0.98,92,74,245,0,0.37,254,6,47,22
Jae-Sung Kim,38,433987200,1983/10/03,K League 1,2014,Midfielder,Pohang Steelers,2261,1189,1072,South Korea,29,15,14,7,4,3,0,0,0,0,0,13,7,6,25,12,13,5,0,0.28,0,0.28,0.3,0.25,323,1,90,78,452,0,0.2,33,189,-1,2
Jae-Sung Ko,36,475718400,1985/01/28,K League 1,2014,Midfielder,Gyeongnam,1657,828,829,South Korea,24,12,12,1,1,0,0,0,0,0,0,5,4,1,23,5,18,2,0,0.05,0,0.05,0.11,0,1657,1.25,72,69,829,0,0.11,136,19,-1,15
Jae-Sung Lee,29,713404800,1992/08/10,K League 1,2014,Midfielder,Jeonbuk Motors,2297,961,1336,South Korea,26,11,15,4,2,2,0,0,0,0,0,13,4,9,15,9,6,3,0,0.16,0,0.16,0.19,0.13,574,0.59,153,88,766,0,0.12,68,151,-1,6
Jae-Sung Lee,33,584064000,1988/07/05,K League 1,2014,Defender,Ulsan,1529,795,734,South Korea,19,10,9,1,0,1,0,0,0,0,0,3,1,2,23,10,13,1,1,0.06,0,0.06,0,0.12,1529,1.35,66,80,765,0,0.12,127,239,91,12
Jae-Won Lee,38,415584000,1983/03/04,K League 1,2014,Forward,Ulsan,1048,603,445,South Korea,13,7,6,1,0,1,0,0,0,0,0,3,2,1,15,8,7,6,1,0.09,0,0.09,0,0.2,1048,1.29,70,81,150,0,0.6,100,83,-1,11
Jae-Woong Han,37,465177600,1984/09/28,K League 1,2014,Forward,Ulsan,235,34,201,South Korea,7,1,6,0,0,0,0,0,0,0,0,1,0,1,4,1,3,0,0,0,0,0,0,0,0,1.53,59,34,0,0,0,-1,-1,-1,22
Jae-Young Son,30,684374400,1991/09/09,K League 1,2014,Midfielder,Ulsan,0,0,0,South Korea,0,0,0,0,0,0,0,0,0,0,0,0,0,0,0,0,0,0,0,0,0,0,0,0,0,0,0,0,0,0,0,-1,-1,-1,-1
Jang-Eun Oh,36,491011200,1985/07/24,K League 1,2014,Midfielder,Suwon Bluewings,1054,442,612,South Korea,12,5,7,0,0,0,0,0,0,0,0,5,3,2,9,2,7,2,0,0,0,0,0,0,0,0.77,117,88,527,0,0.17,252,53,-1,26
Je-Heon Song,35,521942400,1986/07/17,K League 1,2014,Forward,Sangju Sangmu,177,138,39,South Korea,6,3,3,0,0,0,0,0,0,0,0,1,0,1,2,1,1,1,0,0,0,0,0,0,0,1.02,89,30,177,0,0.51,-1,-1,-1,15
Je-Ho Yoo,29,713404800,1992/08/10,K League 1,2014,Forward,Pohang Steelers,0,0,0,South Korea,0,0,0,0,0,0,0,0,0,0,0,0,0,0,0,0,0,0,0,0,0,0,0,0,0,0,0,0,0,0,0,-1,-1,-1,-1
Je-Hyuk Sim,26,794361600,1995/03/05,K League 1,2014,Forward,FC Seoul,35,35,0,South Korea,4,3,1,0,0,0,0,0,0,0,0,1,0,1,1,1,0,0,0,0,0,0,0,0,0,2.57,35,9,0,0,0,-1,-1,-1,18
Je-Min Yeon,28,738547200,1993/05/28,K League 1,2014,Defender,Busan I'Park,1800,990,810,South Korea,20,11,9,0,0,0,0,0,0,0,0,5,3,2,22,10,12,2,0,0,0,0,0,0,0,1.1,82,90,900,0,0.1,170,72,62,11
Jeong-Kyu Yun,30,691804800,1991/12/04,K League 1,2014,Goalkeeper,Busan I'Park,0,0,0,South Korea,0,0,0,0,0,0,0,0,0,0,0,0,0,0,0,0,0,0,0,0,0,0,0,0,0,0,0,0,0,0,0,-1,-1,-1,-1
Jeong-Nam Hong,33,580176000,1988/05/21,K League 1,2014,Goalkeeper,Sangju Sangmu,1260,630,630,South Korea,14,7,7,0,0,0,0,0,0,0,0,2,2,0,18,8,10,1,0,0,0,0,0,0,0,1.29,70,90,1260,0,0.07,278,234,87,23
Ji-Ho Han,33,598147200,1988/12/15,K League 1,2014,Forward,Busan I'Park,1285,688,597,South Korea,22,11,11,0,0,0,0,0,0,0,0,4,2,2,19,10,9,3,0,0,0,0,0,0,0,1.33,68,58,428,0,0.21,195,14,-1,20
Ji-Hoon Baek,36,478396800,1985/02/28,K League 1,2014,Midfielder,Ulsan,725,374,351,South Korea,19,10,9,2,1,1,0,0,0,0,0,5,3,2,5,2,3,0,0,0.25,0,0.25,0.24,0.26,363,0.62,145,38,0,0,0,37,202,-1,9
Ji-Hoon Cho,31,643939200,1990/05/29,K League 1,2014,Midfielder,Suwon Bluewings,342,153,189,South Korea,16,8,8,0,0,0,0,0,0,0,0,7,2,5,6,3,3,4,1,0,0,0,0,0,0,1.58,57,21,86,0,1.05,253,4,-1,23
Ji-Hun Yoo,33,581817600,1988/06/09,K League 1,2014,Defender,Busan I'Park,2288,1277,1011,South Korea,27,15,12,1,0,1,0,0,0,0,0,7,4,3,29,14,15,8,2,0.04,0,0.04,0,0.09,2288,1.14,79,85,254,0,0.35,140,232,66,10
Ji-Min Kim,28,739238400,1993/06/05,K League 1,2014,Forward,Busan I'Park,42,10,32,South Korea,3,1,2,0,0,0,0,0,0,0,0,0,0,0,1,0,1,0,0,0,0,0,0,0,0,2.14,42,14,0,0,0,-1,-1,-1,19
Ji-Min Park,27,762998400,1994/03/07,K League 1,2014,Forward,Gyeongnam,41,7,34,South Korea,4,3,1,0,0,0,0,0,0,0,0,2,2,0,1,0,1,1,0,0,0,0,0,0,0,2.2,41,10,41,0,2.2,-1,-1,-1,16
Ji-No Yoo,32,626313600,1989/11/06,K League 1,2014,Midfielder,Busan I'Park,1625,905,720,South Korea,19,11,8,0,0,0,0,0,0,0,0,6,4,2,20,9,11,1,0,0,0,0,0,0,0,1.11,81,86,1625,0,0.06,179,107,-1,18
Ji-Soo Hwang,40,354499200,1981/03/27,K League 1,2014,Midfielder,Pohang Steelers,1588,621,967,South Korea,21,9,12,1,0,1,0,0,0,0,0,9,4,5,14,5,9,5,1,0.06,0,0.06,0,0.09,1588,0.79,113,76,318,0,0.28,125,105,-1,14
Ji-Woong Kim,31,643075200,1990/05/19,K League 1,2014,Midfielder,Sangju Sangmu,0,0,0,South Korea,0,0,0,0,0,0,0,0,0,0,0,0,0,0,0,0,0,0,0,0,0,0,0,0,0,0,0,0,0,0,0,-1,-1,-1,-1
Ji-Young Park,34,539654400,1987/02/07,K League 1,2014,Goalkeeper,Sangju Sangmu,90,90,0,South Korea,1,1,0,0,0,0,0,0,0,0,0,0,0,0,1,1,0,0,0,0,0,0,0,0,0,1,90,90,0,0,0,-1,-1,-1,18
Jin-Beom An,29,700185600,1992/03/10,K League 1,2014,Midfielder,Ulsan,1157,568,589,South Korea,24,13,11,2,1,1,0,0,0,0,0,7,5,2,11,3,8,1,0,0.16,0,0.16,0.16,0.15,579,0.86,105,48,1157,0,0.08,65,32,-1,7
Jin-Hwan Kim,32,604713600,1989/03/01,K League 1,2014,Defender,Incheon United,90,0,90,South Korea,2,0,2,0,0,0,0,0,0,0,0,1,0,1,2,0,2,0,0,0,0,0,0,0,0,2,45,45,0,0,0,-1,-1,-1,25
Jin-Hyung Song,34,555811200,1987/08/13,K League 1,2014,Midfielder,Jeju United,2874,1540,1334,South Korea,36,19,17,3,2,1,0,0,0,0,0,12,9,3,30,13,17,3,0,0.09,0,0.09,0.12,0.07,958,0.94,96,80,958,0,0.09,97,62,-1,5
Jin-Ki Hong,31,656380800,1990/10/20,K League 1,2014,Defender,Jeonnam Dragons,805,265,540,South Korea,12,5,7,0,0,0,0,0,0,0,0,1,0,1,12,4,8,2,0,0,0,0,0,0,0,1.34,67,67,403,0,0.22,213,281,89,25
Jin-Kyu Kim,36,477360000,1985/02/16,K League 1,2014,Defender,FC Seoul,2816,1457,1359,South Korea,33,17,16,2,2,0,0,0,0,1,0,12,4,8,21,11,10,3,0,0.06,0,0.06,0.12,0,1408,0.67,134,85,939,0,0.1,130,160,20,7
Jin-Po Park,34,555811200,1987/08/13,K League 1,2014,Defender,Seongnam,2819,1403,1416,South Korea,32,16,16,1,0,1,0,0,0,0,0,10,7,3,25,12,13,5,1,0.03,0,0.03,0,0.06,2819,0.8,113,88,470,0,0.19,142,216,28,8
Jin-Seok Lee,30,684460800,1991/09/10,K League 1,2014,Forward,Pohang Steelers,5,5,0,South Korea,1,1,0,0,0,0,0,0,0,0,0,0,0,0,0,0,0,0,0,0,0,0,0,0,0,0,0,5,0,0,0,-1,-1,-1,25
Jin-Young Kim,29,699494400,1992/03/02,K League 1,2014,Goalkeeper,Pohang Steelers,49,49,0,South Korea,1,1,0,0,0,0,0,0,0,0,0,0,0,0,1,1,0,0,0,0,0,0,0,0,0,1.84,49,49,0,0,0,-1,-1,-1,19
Jin-Young Kwon,30,688176000,1991/10/23,K League 1,2014,Defender,Busan I'Park,420,52,368,South Korea,6,1,5,0,0,0,0,0,0,0,0,0,0,0,10,2,8,3,1,0,0,0,0,0,0,2.14,42,70,140,0,0.64,201,169,106,22
Jo-Gook Jung,37,451526400,1984/04/23,K League 1,2014,Forward,FC Seoul,46,34,12,South Korea,2,1,1,0,0,0,0,0,0,0,0,0,0,0,1,0,1,0,0,0,0,0,0,0,0,1.96,46,23,0,0,0,-1,-1,-1,29
João Paulo da Silva Araujo,34,565747200,1987/12/06,K League 1,2014,Forward,Incheon United,168,45,123,Brazil,5,2,3,0,0,0,0,0,0,0,0,0,0,0,1,1,0,0,0,0,0,0,0,0,0,0.54,168,34,0,0,0,-1,-1,-1,23
Jong-Eun Lim,31,645667200,1990/06/18,K League 1,2014,Defender,Jeonnam Dragons,2204,1126,1078,South Korea,29,16,13,0,0,0,0,0,0,0,0,8,4,4,33,16,17,2,0,0,0,0,0,0,0,1.35,67,76,1102,0,0.08,209,256,94,28
Jong-Ho Lee,29,698889600,1992/02/24,K League 1,2014,Forward,Jeonnam Dragons,2418,1333,1085,South Korea,31,16,15,10,7,3,0,0,0,0,0,7,3,4,33,17,16,2,0,0.37,0,0.37,0.47,0.25,242,1.23,73,78,1209,0,0.07,18,251,-1,2
Jong-Hwan Baek,36,482630400,1985/04/18,K League 1,2014,Midfielder,Sangju Sangmu,1080,531,549,South Korea,16,7,9,1,1,0,0,0,0,0,0,2,1,1,16,6,10,4,0,0.08,0,0.08,0.17,0,1080,1.33,68,68,270,0,0.33,102,244,-1,9
Jong-Hwan Choi,34,555724800,1987/08/12,K League 1,2014,Midfielder,Incheon United,1923,923,1000,South Korea,30,16,14,3,1,2,0,0,0,0,0,10,7,3,26,12,14,2,1,0.14,0,0.14,0.1,0.18,641,1.22,74,64,641,0,0.14,71,38,-1,4
Jong-Sung Lee,29,712972800,1992/08/05,K League 1,2014,Midfielder,Suwon Bluewings,48,24,24,South Korea,3,2,1,0,0,0,0,0,0,0,0,2,1,1,0,0,0,0,0,0,0,0,0,0,0,0,0,16,0,0,0,-1,-1,-1,17
Jong-Won Lee,32,605836800,1989/03/14,K League 1,2014,Midfielder,Seongnam,1668,911,757,South Korea,22,12,10,0,0,0,0,0,0,0,0,9,6,3,14,8,6,2,0,0,0,0,0,0,0,0.76,119,76,834,0,0.11,269,222,-1,25
Joo-Sung Park,37,446083200,1984/02/20,K League 1,2014,Defender,Gyeongnam,3127,1604,1523,South Korea,35,18,17,1,1,0,0,0,0,0,0,8,6,2,48,19,29,2,0,0.03,0,0.03,0.06,0,3127,1.38,65,89,1564,0,0.06,144,277,95,14
Joo-Won Moon,38,421200000,1983/05/08,K League 1,2014,Midfielder,Gyeongnam,434,270,164,South Korea,7,3,4,0,0,0,0,0,0,0,0,2,2,0,4,1,3,1,0,0,0,0,0,0,0,0.83,109,62,434,0,0.21,184,129,-1,19
Joo-Yong Lee,29,717465600,1992/09/26,K League 1,2014,Defender,Jeonbuk Motors,1918,990,928,South Korea,22,11,11,1,1,0,0,0,0,0,0,13,7,6,9,5,4,3,1,0.05,0,0.05,0.09,0,1918,0.42,213,87,639,0,0.14,134,79,6,12
Joo-Young Kim,33,584409600,1988/07/09,K League 1,2014,Defender,FC Seoul,2576,1496,1080,South Korea,29,17,12,2,0,2,0,0,0,0,0,10,6,4,20,10,10,5,0,0.07,0,0.07,0,0.17,1288,0.7,129,89,515,0,0.17,118,166,23,11
Joon-Ho Son,29,705628800,1992/05/12,K League 1,2014,Midfielder,Pohang Steelers,1993,955,1038,South Korea,25,12,13,1,1,0,0,0,0,0,0,14,7,7,12,4,8,8,1,0.05,0,0.05,0.09,0,1993,0.54,166,80,249,0,0.36,137,181,-1,10
Joon-Tae Park,32,628560000,1989/12/02,K League 1,2014,Forward,Jeonnam Dragons,260,160,100,South Korea,7,3,4,0,0,0,0,0,0,0,0,1,0,1,4,2,2,0,0,0,0,0,0,0,0,1.38,65,37,0,0,0,-1,-1,-1,20
Joon-Woo Kang,39,391910400,1982/06/03,K League 1,2014,Defender,Jeju United,30,10,20,South Korea,4,1,3,0,0,0,0,0,0,0,0,3,1,2,0,0,0,0,0,0,0,0,0,0,0,0,0,8,0,0,0,-1,-1,-1,21
Jose Almir Barros Neto,36,493516800,1985/08/22,K League 1,2014,Forward,Ulsan,56,22,34,Brazil,2,1,1,0,0,0,0,0,0,0,0,0,0,0,0,0,0,0,0,0,0,0,0,0,0,0,0,28,0,0,0,-1,-1,-1,25
José Fagner Silva da Luz,33,580521600,1988/05/25,K League 1,2014,Forward,Busan I'Park,2388,1256,1132,Brazil,34,17,17,10,7,3,0,0,0,2,0,7,3,4,35,14,21,3,1,0.38,0,0.38,0.5,0.24,239,1.32,68,70,597,0,0.15,15,173,-1,2
Jovica Stokić,34,544752000,1987/04/07,K League 1,2014,Midfielder,Jeju United,179,138,41,Bosnia and Herzegovina,5,3,2,0,0,0,0,0,0,0,0,1,1,0,1,0,1,1,0,0,0,0,0,0,0,0.5,179,36,179,0,0.5,-1,-1,-1,17
Ju-Sung Woo,28,739497600,1993/06/08,K League 1,2014,Defender,Gyeongnam,810,450,360,South Korea,9,5,4,0,0,0,0,0,0,0,0,4,3,1,12,5,7,1,0,0,0,0,0,0,0,1.33,68,90,810,0,0.11,217,274,88,33
Ju-Tae Yun,31,646012800,1990/06/22,K League 1,2014,Forward,FC Seoul,303,136,167,South Korea,10,3,7,2,2,0,0,0,0,0,0,5,1,4,0,0,0,0,0,0.59,0,0.59,1.32,0,152,0,0,30,0,0,0,2,125,-1,6
Juan Estiven Vélez Upegui,39,382060800,1982/02/09,K League 1,2014,Midfielder,Jeju United,683,323,360,Colombia,12,6,6,0,0,0,0,0,0,0,0,4,3,1,9,3,6,0,0,0,0,0,0,0,0,1.19,76,57,0,0,0,243,52,-1,25
Jun-Gang Park,30,676166400,1991/06/06,K League 1,2014,Defender,Busan I'Park,1206,630,576,South Korea,14,7,7,0,0,0,0,0,0,0,0,4,2,2,17,8,9,5,1,0,0,0,0,0,0,1.27,71,86,241,0,0.37,215,157,81,28
Jun-Hee Park,30,667785600,1991/03/01,K League 1,2014,Defender,Pohang Steelers,90,0,90,South Korea,1,0,1,0,0,0,0,0,0,0,0,1,0,1,0,0,0,0,0,0,0,0,0,0,0,0,0,90,0,0,0,-1,-1,-1,20
Jun-Hyub Jwa,30,673574400,1991/05/07,K League 1,2014,Midfielder,Jeju United,0,0,0,South Korea,0,0,0,0,0,0,0,0,0,0,0,0,0,0,0,0,0,0,0,0,0,0,0,0,0,0,0,0,0,0,0,-1,-1,-1,-1
Jun-Hyuk Park,34,545097600,1987/04/11,K League 1,2014,Goalkeeper,Seongnam,3150,1620,1530,South Korea,35,18,17,0,0,0,0,0,0,0,0,11,8,3,29,14,15,1,0,0,0,0,0,0,0,0.83,109,90,3150,0,0.03,273,228,32,19
Jun-Jae Nam,33,576374400,1988/04/07,K League 1,2014,Forward,Incheon United,1104,364,740,South Korea,17,5,12,3,0,3,0,0,0,0,0,5,3,2,14,2,12,0,0,0.24,0,0.24,0,0.36,368,1.14,79,65,0,0,0,46,43,-1,6
Jun-Sik Lee,30,687398400,1991/10/14,K League 1,2014,Goalkeeper,Ulsan,62,0,62,South Korea,1,0,1,0,0,0,0,0,0,0,0,0,0,0,1,0,1,1,0,0,0,0,0,0,0,1.45,62,62,62,0,1.45,-1,-1,-1,33
Jun-Su Kim,30,680745600,1991/07/29,K League 1,2014,Defender,Pohang Steelers,673,222,451,South Korea,10,3,7,0,0,0,0,0,0,0,0,4,1,3,5,3,2,3,1,0,0,0,0,0,0,0.67,135,67,224,0,0.4,172,122,19,21
Jun-Su Yoo,33,579052800,1988/05/08,K League 1,2014,Forward,Ulsan,1562,858,704,South Korea,23,11,12,3,1,2,0,0,0,0,0,3,2,1,22,11,11,1,0,0.17,0,0.17,0.1,0.26,521,1.27,71,68,1562,0,0.06,61,31,-1,5
Jun-Sung Yoon,32,622944000,1989/09/28,K League 1,2014,Defender,Pohang Steelers,42,12,30,South Korea,11,4,7,0,0,0,0,0,0,0,0,3,1,2,0,0,0,0,0,0,0,0,0,0,0,0,0,4,0,0,0,-1,-1,-1,15
Jun-Yub Kim,33,579225600,1988/05/10,K League 1,2014,Midfielder,Gyeongnam,983,401,582,South Korea,13,6,7,0,0,0,0,0,0,0,0,5,2,3,16,8,8,2,0,0,0,0,0,0,0,1.46,61,76,492,0,0.18,264,247,-1,28
Juna Yang,32,613699200,1989/06/13,K League 1,2014,Midfielder,Sangju Sangmu,2521,1307,1214,South Korea,30,16,14,3,1,2,0,0,0,2,0,4,4,0,42,17,25,7,1,0.11,0,0.11,0.07,0.15,840,1.5,60,84,315,0,0.29,86,242,-1,3
Jung-Han Choi,32,612835200,1989/06/03,K League 1,2014,Forward,FC Seoul,271,120,151,South Korea,7,4,3,1,1,0,0,0,0,0,0,1,0,1,2,1,1,1,0,0.33,0,0.33,0.75,0,271,0.66,136,39,271,0,0.33,27,95,-1,14
Jung-Hwan Lee,30,669686400,1991/03/23,K League 1,2014,Defender,Busan I'Park,0,0,0,South Korea,0,0,0,0,0,0,0,0,0,0,0,0,0,0,0,0,0,0,0,0,0,0,0,0,0,0,0,0,0,0,0,-1,-1,-1,-1
Jung-Hyub Lee,30,677721600,1991/06/24,K League 1,2014,Forward,Sangju Sangmu,1276,675,601,South Korea,25,13,12,4,4,0,0,0,0,0,0,4,2,2,23,12,11,1,0,0.28,0,0.28,0.53,0,319,1.62,55,51,1276,0,0.07,32,236,-1,1
Jung-Hyuk Kwon,43,255744000,1978/02/08,K League 1,2014,Goalkeeper,Incheon United,2520,1080,1440,South Korea,28,12,16,0,0,0,0,0,0,0,0,11,8,3,33,6,27,1,0,0,0,0,0,0,0,1.18,76,90,2520,0,0.04,280,213,70,17
Jung-Hyun Son,30,691027200,1991/11/25,K League 1,2014,Goalkeeper,Gyeongnam,540,270,270,South Korea,6,3,3,0,0,0,0,0,0,0,0,1,1,0,9,2,7,1,0,0,0,0,0,0,0,1.5,60,90,540,0,0.17,163,30,99,35
Jung-Jin Seo,32,621043200,1989/09/06,K League 1,2014,Midfielder,Suwon Bluewings,1756,1057,699,South Korea,29,16,13,2,2,0,0,0,0,0,0,11,5,6,16,9,7,1,0,0.1,0,0.1,0.17,0,878,0.82,110,61,1756,0,0.05,91,55,-1,11
Jung-Kwon Lee,30,694224000,1992/01/01,K League 1,2014,Midfielder,Jeonnam Dragons,76,0,76,South Korea,1,0,1,0,0,0,0,0,0,0,0,0,0,0,2,0,2,0,0,0,0,0,0,0,0,2.37,38,76,0,0,0,-1,-1,-1,16
Kaio Felipe Gonçalves,34,552528000,1987/07/06,K League 1,2014,Forward,Jeonbuk Motors,1703,899,804,Brazil,32,16,16,9,7,2,0,0,0,3,0,19,9,10,5,2,3,6,0,0.48,0,0.48,0.7,0.22,189,0.26,341,53,284,0,0.32,9,145,-1,3
Keun-Bae Kim,35,523756800,1986/08/07,K League 1,2014,Goalkeeper,Sangju Sangmu,450,180,270,South Korea,5,2,3,0,0,0,0,0,0,0,0,1,1,0,11,1,10,1,0,0,0,0,0,0,0,2.2,41,90,450,0,0.2,154,24,107,20
Keun-Ho Lee,36,482025600,1985/04/11,K League 1,2014,Forward,Sangju Sangmu,1433,771,662,South Korea,18,10,8,4,3,1,0,0,0,0,0,4,2,2,25,9,16,1,0,0.25,0,0.25,0.35,0.14,358,1.57,57,80,1433,0,0.06,40,123,-1,2
Ki-Hee Kim,32,616291200,1989/07/13,K League 1,2014,Defender,Jeonbuk Motors,2452,1080,1372,South Korea,28,12,16,0,0,0,0,0,0,0,0,16,8,8,13,5,8,4,0,0,0,0,0,0,0,0.48,189,88,613,0,0.15,231,197,7,30
Ki-Hun Yeom,38,417830400,1983/03/30,K League 1,2014,Midfielder,Suwon Bluewings,2846,1339,1507,South Korea,35,17,18,4,2,2,0,0,0,1,0,14,5,9,23,9,14,1,0,0.13,0,0.13,0.13,0.12,712,0.73,124,81,2846,0,0.03,76,56,-1,5
Ki-Hyeon Seol,42,284601600,1979/01/08,K League 1,2014,Forward,Incheon United,430,159,271,South Korea,7,3,4,0,0,0,0,0,0,0,0,4,2,2,5,1,4,0,0,0,0,0,0,0,0,1.05,86,61,0,0,0,188,133,-1,16
Ki-Jong Bae,38,422755200,1983/05/26,K League 1,2014,Forward,Suwon Bluewings,531,252,279,South Korea,14,6,8,3,2,1,0,0,0,0,0,5,3,2,3,1,2,0,0,0.51,0,0.51,0.71,0.32,177,0.51,177,38,0,0,0,5,26,-1,8
Kwang-Hee Choi,37,453600000,1984/05/17,K League 1,2014,Midfielder,Busan I'Park,558,329,229,South Korea,8,5,3,0,0,0,0,0,0,0,0,3,2,1,4,1,3,0,0,0,0,0,0,0,0,0.65,140,70,0,0,0,155,92,-1,16
Kwang-Hoon Shin,34,543024000,1987/03/18,K League 1,2014,Defender,Pohang Steelers,2970,1530,1440,South Korea,33,17,16,3,3,0,0,0,0,2,0,14,8,6,30,12,18,8,0,0.09,0,0.09,0.18,0,990,0.91,99,90,371,0,0.24,96,192,41,7
Kwang-Min Ko,33,590803200,1988/09/21,K League 1,2014,Midfielder,FC Seoul,1347,567,780,South Korea,20,9,11,1,0,1,0,0,0,0,0,8,3,5,8,3,5,2,0,0.07,0,0.07,0,0.12,1347,0.53,168,67,674,0,0.13,116,211,-1,12
Kwang-Seon Kwak,35,512352000,1986/03/28,K League 1,2014,Defender,Sangju Sangmu,1858,723,1135,South Korea,22,9,13,0,0,0,0,0,0,0,0,2,1,1,35,12,23,3,0,0,0,0,0,0,0,1.7,53,84,619,0,0.15,240,59,104,21
Kyung-Ik Park,30,682041600,1991/08/13,K League 1,2014,Midfielder,Sangju Sangmu,281,126,155,South Korea,10,4,6,1,0,1,0,0,0,0,0,1,1,0,1,0,1,3,0,0.32,0,0.32,0,0.58,281,0.32,281,28,94,0,0.96,28,98,-1,10
Kyung-In Han,34,549158400,1987/05/28,K League 1,2014,Forward,Sangju Sangmu,403,180,223,South Korea,9,3,6,0,0,0,0,0,0,0,0,0,0,0,7,3,4,2,0,0,0,0,0,0,0,1.56,58,45,202,0,0.45,160,94,-1,13
Kyung-Min Kim,31,650678400,1990/08/15,K League 1,2014,Defender,Sangju Sangmu,0,0,0,South Korea,0,0,0,0,0,0,0,0,0,0,0,0,0,0,0,0,0,0,0,0,0,0,0,0,0,0,0,0,0,0,0,-1,-1,-1,-1
Kyung-Min Kim,30,688953600,1991/11/01,K League 1,2014,Goalkeeper,Jeju United,102,12,90,South Korea,2,1,1,0,0,0,0,0,0,0,0,2,1,1,0,0,0,0,0,0,0,0,0,0,0,0,0,51,0,0,0,-1,-1,-1,19
Kyung-Ryul Lee,33,569289600,1988/01/16,K League 1,2014,Defender,Busan I'Park,2637,1440,1197,South Korea,30,16,14,2,2,0,0,0,0,0,0,7,4,3,36,18,18,6,0,0.07,0,0.07,0.13,0,1319,1.23,73,88,440,0,0.2,115,136,79,5
Kyung-Sun Jin,41,324172800,1980/04/10,K League 1,2014,Midfielder,Gyeongnam,2028,1073,955,South Korea,23,12,11,1,0,1,0,0,0,0,0,5,4,1,26,12,14,4,0,0.04,0,0.04,0,0.09,2028,1.15,78,88,507,0,0.18,141,97,-1,12
Kyung-Won Kwon,29,696816000,1992/01/31,K League 1,2014,Defender,Jeonbuk Motors,139,47,92,South Korea,5,2,3,0,0,0,0,0,0,0,0,4,1,3,1,1,0,1,0,0,0,0,0,0,0,0.65,139,28,139,0,0.65,-1,-1,-1,14
Leonardo Rodriguez Pereira,35,527731200,1986/09/22,K League 1,2014,Midfielder,Jeonbuk Motors,2206,1179,1027,Brazil,35,19,16,6,2,4,0,0,0,1,0,21,12,9,12,6,6,4,0,0.24,0,0.24,0.15,0.35,368,0.49,184,63,552,0,0.16,43,146,-1,4
Luiz Carlos Marques Lima,32,612489600,1989/05/30,K League 1,2014,Forward,Jeju United,135,29,106,Brazil,7,3,4,1,1,0,0,0,0,0,0,3,1,2,1,0,1,0,0,0.67,0,0.67,3.1,0,135,0.67,135,19,0,0,0,-1,-1,-1,10
Luke DeVere,32,626227200,1989/11/05,K League 1,2014,Defender,Gyeongnam,1074,641,433,Australia,13,8,5,1,1,0,0,0,0,0,0,3,3,0,16,5,11,5,0,0.08,0,0.08,0.14,0,1074,1.34,67,83,215,0,0.42,106,278,90,8
Marcos Aurélio de Oliveira Lima,37,445219200,1984/02/10,K League 1,2014,Forward,Jeonbuk Motors,166,92,74,Brazil,5,3,2,0,0,0,0,0,0,0,0,4,3,1,0,0,0,0,0,0,0,0,0,0,0,0,0,33,0,0,0,-1,-1,-1,28
Mauricio Alejandro Molina Uribe,41,325900800,1980/04/30,K League 1,2014,Midfielder,FC Seoul,1223,718,505,Colombia,19,11,8,5,2,3,0,0,0,2,0,6,3,3,8,4,4,1,0,0.37,0,0.37,0.25,0.53,245,0.59,153,64,1223,0,0.07,19,78,-1,3
Miloš Bosančić,33,580262400,1988/05/22,K League 1,2014,Midfielder,Gyeongnam,508,271,237,Serbia,10,5,5,0,0,0,0,0,0,0,0,4,3,1,6,3,3,0,0,0,0,0,0,0,0,1.06,85,51,0,0,0,261,273,-1,31
Miloš Stojanović,37,472780800,1984/12/25,K League 1,2014,Forward,Gyeongnam,2047,968,1079,Serbia,30,15,15,7,3,4,0,0,0,1,0,8,6,2,32,12,20,3,0,0.31,0,0.31,0.28,0.33,292,1.41,64,68,682,0,0.13,29,269,-1,1
Min-Gyoon Kim,33,596851200,1988/11/30,K League 1,2014,Midfielder,Ulsan,748,370,378,South Korea,14,7,7,2,2,0,0,0,0,0,0,4,4,0,9,4,5,0,0,0.24,0,0.24,0.49,0,374,1.08,83,53,0,0,0,45,33,-1,8
Min-Sik Kim,36,499392000,1985/10/29,K League 1,2014,Goalkeeper,Jeonbuk Motors,1844,944,900,South Korea,21,11,10,0,0,0,0,0,0,0,0,6,3,3,25,11,14,2,0,0,0,0,0,0,0,1.22,74,88,922,0,0.1,274,214,78,24
Min-Soo Kang,35,508723200,1986/02/14,K League 1,2014,Defender,Sangju Sangmu,2608,1214,1394,South Korea,30,14,16,1,0,1,0,0,0,0,0,7,5,2,33,10,23,9,0,0.03,0,0.03,0,0.06,2608,1.14,79,87,290,0,0.31,147,194,67,8
Min-Woo Lee,30,691545600,1991/12/01,K League 1,2014,Forward,Seongnam,299,111,188,South Korea,15,10,5,0,0,0,0,0,0,0,0,3,3,0,4,1,3,0,0,0,0,0,0,0,0,1.2,75,20,0,0,0,271,227,-1,21
Mu-Yeol Ko,31,652492800,1990/09/05,K League 1,2014,Forward,Pohang Steelers,2011,1102,909,South Korea,27,15,12,5,2,3,0,0,0,0,0,11,7,4,21,8,13,2,0,0.22,0,0.22,0.16,0.3,402,0.94,96,74,1006,0,0.09,49,185,-1,5
Myeong-Ju Lee,31,640915200,1990/04/24,K League 1,2014,Midfielder,Pohang Steelers,933,619,314,South Korea,11,7,4,5,2,3,0,0,0,0,0,3,3,0,12,5,7,3,0,0.48,0,0.48,0.29,0.86,187,1.16,78,85,311,0,0.29,8,187,-1,4
Myong-Jin Ko,34,568684800,1988/01/09,K League 1,2014,Midfielder,FC Seoul,2639,1277,1362,South Korea,31,15,16,2,1,1,0,0,0,0,0,13,5,8,17,9,8,3,0,0.07,0,0.07,0.07,0.07,1320,0.58,155,85,880,0,0.1,114,163,-1,10
Myung-Hoon Choi,29,726019200,1993/01/03,K League 1,2014,Midfielder,FC Seoul,0,0,0,South Korea,0,0,0,0,0,0,0,0,0,0,0,0,0,0,0,0,0,0,0,0,0,0,0,0,0,0,0,0,0,0,0,-1,-1,-1,-1
Myung-Jae Lee,28,752371200,1993/11/04,K League 1,2014,Defender,Ulsan,62,62,0,South Korea,2,2,0,0,0,0,0,0,0,0,0,1,1,0,0,0,0,0,0,0,0,0,0,0,0,0,0,31,0,0,0,-1,-1,-1,27
Nam-Choon Kim,32,608947200,1989/04/19,K League 1,2014,Defender,FC Seoul,545,180,365,South Korea,7,2,5,1,0,1,0,0,0,0,0,3,0,3,2,0,2,1,0,0.17,0,0.17,0,0.25,545,0.33,273,78,545,0,0.17,59,85,2,15
Nam-Gun Kim,31,650764800,1990/08/16,K League 1,2014,Midfielder,Seongnam,12,0,12,South Korea,2,0,2,0,0,0,0,0,0,0,0,0,0,0,0,0,0,0,0,0,0,0,0,0,0,0,0,6,0,0,0,-1,-1,-1,20
Nam-Il Kim,44,227145600,1977/03/14,K League 1,2014,Midfielder,Jeonbuk Motors,1466,748,718,South Korea,20,10,10,2,2,0,0,0,0,0,0,14,8,6,7,4,3,8,0,0.12,0,0.12,0.24,0,733,0.43,209,73,183,0,0.49,85,195,-1,11
Natanael De Souza Santos Junior,36,504316800,1985/12/25,K League 1,2014,Forward,Suwon Bluewings,2539,1427,1112,Brazil,35,18,17,14,8,6,0,0,0,0,0,14,5,9,25,15,10,2,0,0.5,0,0.5,0.5,0.49,181,0.89,102,73,1270,0,0.07,7,34,-1,1
Nikola Komazec,34,563932800,1987/11/15,K League 1,2014,Forward,Busan I'Park,10,0,10,Serbia,1,0,1,0,0,0,0,0,0,0,0,0,0,0,0,0,0,0,0,0,0,0,0,0,0,0,0,10,0,0,0,-1,-1,-1,25
Nilson Ricardo da Silva Júnior,32,607305600,1989/03/31,K League 1,2014,Defender,Busan I'Park,2575,1275,1300,Brazil,30,15,15,2,1,1,0,0,0,0,0,9,5,4,34,15,19,2,0,0.07,0,0.07,0.07,0.07,1288,1.19,76,86,1288,0,0.07,120,156,73,7
Olivio da Rosa,35,528595200,1986/10/02,K League 1,2014,Midfielder,Incheon United,2507,1408,1099,Brazil,33,18,15,7,6,1,0,0,0,3,0,11,8,3,31,14,17,2,0,0.25,0,0.25,0.38,0.08,358,1.11,81,76,1254,0,0.07,38,71,-1,1
Osmar Barba Ibáñez,33,581472000,1988/06/05,K League 1,2014,Midfielder,FC Seoul,2913,1486,1427,Spain,34,17,17,2,0,2,0,0,0,0,0,13,6,7,19,9,10,5,0,0.06,0,0.06,0,0.13,1457,0.59,153,86,583,0,0.15,124,161,-1,9
Pyung-Rae Kim,34,563414400,1987/11/09,K League 1,2014,Midfielder,Seongnam,1363,552,811,South Korea,22,11,11,0,0,0,0,0,0,0,0,8,6,2,8,2,6,4,0,0,0,0,0,0,0,0.53,170,62,341,0,0.26,165,20,-1,14
Rae-Se Koh,29,701308800,1992/03/23,K League 1,2014,Defender,Gyeongnam,28,0,28,South Korea,1,0,1,0,0,0,0,0,0,0,0,0,0,0,1,0,1,0,0,0,0,0,0,0,0,3.21,28,28,0,0,0,-1,-1,-1,17
Rafael Costa dos Santos,34,556675200,1987/08/23,K League 1,2014,Forward,FC Seoul,236,171,65,Brazil,9,5,4,0,0,0,0,0,0,0,0,3,1,2,1,1,0,3,0,0,0,0,0,0,0,0.38,236,26,79,0,1.14,-1,-1,-1,26
Rafael Dos Santos De Oliveira,34,552009600,1987/06/30,K League 1,2014,Forward,Ulsan,864,497,367,Brazil,12,7,5,1,1,0,0,0,0,0,0,5,3,2,7,5,2,0,0,0.1,0,0.1,0.18,0,864,0.73,123,72,0,0,0,93,203,-1,14
Reiner Ferreira Correa Gomes,36,501033600,1985/11/17,K League 1,2014,Defender,Suwon Bluewings,1384,844,540,Brazil,17,11,6,0,0,0,0,0,0,0,0,7,5,2,13,7,6,0,0,0,0,0,0,0,0,0.85,106,81,0,0,0,256,9,35,20
Robert Cornthwaite,36,498960000,1985/10/24,K League 1,2014,Defender,Jeonnam Dragons,970,565,405,Australia,20,12,8,2,0,2,0,0,0,0,0,2,2,0,13,7,6,1,0,0.19,0,0.19,0,0.44,485,1.21,75,49,970,0,0.09,56,280,77,8
Roger Rodrigues da Silva,37,473904000,1985/01/07,K League 1,2014,Forward,Suwon Bluewings,1880,1188,692,Brazil,32,17,15,7,4,3,0,0,0,1,0,13,5,8,15,11,4,6,0,0.34,0,0.34,0.3,0.39,269,0.72,125,59,313,0,0.29,22,5,-1,2
San Jung,32,603072000,1989/02/10,K League 1,2014,Goalkeeper,Seongnam,0,0,0,South Korea,0,0,0,0,0,0,0,0,0,0,0,0,0,0,0,0,0,0,0,0,0,0,0,0,0,0,0,0,0,0,0,-1,-1,-1,-1
Sandi Križman,32,619315200,1989/08/17,K League 1,2014,Forward,Jeonnam Dragons,284,63,221,Croatia,8,2,6,0,0,0,0,0,0,0,0,2,1,1,5,2,3,1,0,0,0,0,0,0,0,1.58,57,36,284,0,0.32,189,121,-1,23
Sang-Hee Lee,33,579916800,1988/05/18,K League 1,2014,Defender,Incheon United,0,0,0,South Korea,0,0,0,0,0,0,0,0,0,0,0,0,0,0,0,0,0,0,0,0,0,0,0,0,0,0,0,0,0,0,0,-1,-1,-1,-1
Sang-Ho Lee,34,547516800,1987/05/09,K League 1,2014,Midfielder,Suwon Bluewings,1809,787,1022,South Korea,26,12,14,6,1,5,0,0,0,1,0,7,2,5,28,12,16,2,0,0.3,0,0.3,0.11,0.44,302,1.39,65,70,905,0,0.1,31,243,-1,4
Sang-Hoon Jeon,32,621388800,1989/09/10,K League 1,2014,Defender,Gyeongnam,0,0,0,South Korea,0,0,0,0,0,0,0,0,0,0,0,0,0,0,0,0,0,0,0,0,0,0,0,0,0,0,0,0,0,0,0,-1,-1,-1,-1
Sang-Hoon Ma,30,680400000,1991/07/25,K League 1,2014,Defender,Jeonnam Dragons,20,20,0,South Korea,1,1,0,0,0,0,0,0,0,0,0,0,0,0,1,1,0,0,0,0,0,0,0,0,0,4.5,20,20,0,0,0,-1,-1,-1,18
Sang-Hoon Yoo,32,612057600,1989/05/25,K League 1,2014,Goalkeeper,FC Seoul,1332,540,792,South Korea,15,6,9,0,0,0,0,0,0,0,0,6,1,5,6,4,2,0,0,0,0,0,0,0,0,0.41,222,89,0,0,0,168,114,3,21
Sang-Hyub Lim,33,584323200,1988/07/08,K League 1,2014,Midfielder,Busan I'Park,2900,1377,1523,South Korea,35,17,18,11,6,5,0,0,0,0,0,9,5,4,41,17,24,5,1,0.34,0,0.34,0.39,0.3,264,1.27,71,83,483,0,0.19,23,143,-1,1
Sang-Hyup Lee,35,523411200,1986/08/03,K League 1,2014,Forward,Jeonbuk Motors,711,367,344,South Korea,24,12,12,3,0,3,0,0,0,0,0,13,8,5,3,1,2,1,0,0.38,0,0.38,0,0.78,237,0.38,237,30,711,0,0.13,16,25,-1,10
Sang-Hyup Lee,32,631152000,1990/01/01,K League 1,2014,Midfielder,FC Seoul,1066,579,487,South Korea,21,11,10,1,1,0,0,0,0,0,0,9,4,5,7,4,3,2,0,0.08,0,0.08,0.16,0,1066,0.59,152,51,533,0,0.17,105,116,-1,13
Sang-Ki Min,30,683251200,1991/08/27,K League 1,2014,Defender,Suwon Bluewings,1595,797,798,South Korea,20,10,10,0,0,0,0,0,0,0,0,10,3,7,11,7,4,2,0,0,0,0,0,0,0,0.62,145,80,798,0,0.11,193,131,16,16
Sang-Min Seo,35,522633600,1986/07/25,K League 1,2014,Midfielder,Sangju Sangmu,2301,1130,1171,South Korea,30,15,15,2,2,0,0,0,0,0,0,5,3,2,32,14,18,4,0,0.08,0,0.08,0.16,0,1151,1.25,72,77,575,0,0.16,104,235,-1,5
Sang-Min Sim,28,737942400,1993/05/21,K League 1,2014,Midfielder,FC Seoul,139,78,61,South Korea,2,1,1,0,0,0,0,0,0,0,0,1,1,0,2,0,2,0,0,0,0,0,0,0,0,1.29,70,70,0,0,0,-1,-1,-1,22
Sang-Min Yang,37,446428800,1984/02/24,K League 1,2014,Defender,Suwon Bluewings,146,90,56,South Korea,3,1,2,0,0,0,0,0,0,0,0,1,0,1,2,1,1,0,0,0,0,0,0,0,0,1.23,73,49,0,0,0,-1,-1,-1,27
Sang-Won Kim,29,698544000,1992/02/20,K League 1,2014,Defender,Jeju United,3,3,0,South Korea,1,1,0,0,0,0,0,0,0,0,0,0,0,0,0,0,0,0,0,0,0,0,0,0,0,0,0,3,0,0,0,-1,-1,-1,27
Sang-Woo Kang,28,749952000,1993/10/07,K League 1,2014,Midfielder,Pohang Steelers,282,129,153,South Korea,8,3,5,0,0,0,0,0,0,0,0,3,1,2,2,0,2,1,0,0,0,0,0,0,0,0.64,141,35,282,0,0.32,159,88,-1,18
Sang-Wook Jeon,42,306806400,1979/09/22,K League 1,2014,Goalkeeper,Seongnam,270,90,180,South Korea,3,1,2,0,0,0,0,0,0,0,0,0,0,0,5,4,1,0,0,0,0,0,0,0,0,1.67,54,90,0,0,0,-1,-1,-1,11
Sang-Wook Lee,31,636940800,1990/03/09,K League 1,2014,Goalkeeper,Suwon Bluewings,0,0,0,South Korea,0,0,0,0,0,0,0,0,0,0,0,0,0,0,0,0,0,0,0,0,0,0,0,0,0,0,0,0,0,0,0,-1,-1,-1,-1
Sang-Woon Han,35,515462400,1986/05/03,K League 1,2014,Forward,Sangju Sangmu,2282,1203,1079,South Korea,29,15,14,2,2,0,0,0,0,0,0,7,5,2,31,13,18,3,0,0.08,0,0.08,0.15,0,1141,1.22,74,79,761,0,0.12,103,205,-1,7
Sang-Yun Moon,31,663379200,1991/01/09,K League 1,2014,Midfielder,Incheon United,1872,1113,759,South Korea,31,19,12,3,1,2,0,0,0,0,0,11,9,2,20,6,14,2,1,0.14,0,0.14,0.08,0.24,624,0.96,94,60,936,0,0.1,72,39,-1,5
Se-Gye Shin,31,653443200,1990/09/16,K League 1,2014,Defender,Suwon Bluewings,1649,871,778,South Korea,20,11,9,0,0,0,0,0,0,0,0,8,4,4,19,9,10,2,0,0,0,0,0,0,0,1.04,87,82,825,0,0.11,251,57,57,21
Se-Jong Ju,31,657244800,1990/10/30,K League 1,2014,Midfielder,Busan I'Park,1690,963,727,South Korea,22,12,10,2,1,1,0,0,0,0,0,5,3,2,20,9,11,5,0,0.11,0,0.11,0.09,0.12,845,1.07,85,77,338,0,0.27,88,77,-1,6
Seok-Hyun Lee,31,645235200,1990/06/13,K League 1,2014,Midfielder,Incheon United,1197,512,685,South Korea,25,11,14,1,1,0,0,0,0,0,0,6,5,1,18,2,16,0,0,0.08,0,0.08,0.18,0,1197,1.35,67,48,0,0,0,108,44,-1,12
Seong-Bin Ahn,33,591840000,1988/10/03,K League 1,2014,Forward,Gyeongnam,569,261,308,South Korea,8,4,4,1,1,0,0,0,0,0,0,1,1,0,11,3,8,0,0,0.16,0,0.16,0.34,0,569,1.74,52,71,0,0,0,67,282,-1,11
Seong-Jun Kim,33,576460800,1988/04/08,K League 1,2014,Midfielder,Seongnam,94,34,60,South Korea,5,2,3,0,0,0,0,0,0,0,0,3,2,1,1,0,1,0,0,0,0,0,0,0,0,0.96,94,19,0,0,0,-1,-1,-1,23
Sergio Ariel Escudero,33,589075200,1988/09/01,K League 1,2014,Forward,FC Seoul,2261,1043,1218,Japan,32,15,17,6,1,5,0,0,0,0,0,12,5,7,16,6,10,2,0,0.24,0,0.24,0.09,0.37,377,0.64,141,71,1131,0,0.08,47,177,-1,2
Server Djeparov,39,402451200,1982/10/03,K League 1,2014,Midfielder,Seongnam,1804,877,927,Uzbekistan,24,12,12,7,5,2,0,0,0,3,0,2,2,0,24,16,8,2,0,0.35,0,0.35,0.51,0.19,258,1.2,75,75,902,0,0.1,21,219,-1,1
Seul-Chan Lee,28,745372800,1993/08/15,K League 1,2014,Midfielder,Jeonnam Dragons,14,0,14,South Korea,1,0,1,0,0,0,0,0,0,0,0,0,0,0,0,0,0,0,0,0,0,0,0,0,0,0,0,14,0,0,0,-1,-1,-1,14
Seul-Gi Bae,36,487123200,1985/06/09,K League 1,2014,Defender,Pohang Steelers,1095,450,645,South Korea,14,5,9,1,0,1,0,0,0,0,0,6,3,3,12,3,9,2,1,0.08,0,0.08,0,0.14,1095,0.99,91,78,548,0,0.16,101,109,48,13
Seul-Ki Kim,29,721008000,1992/11/06,K League 1,2014,Forward,Gyeongnam,739,445,294,South Korea,20,10,10,0,0,0,0,0,0,0,0,4,2,2,12,8,4,1,0,0,0,0,0,0,0,1.46,62,37,739,0,0.12,190,106,-1,24
Seung-Beom Oh,40,351993600,1981/02/26,K League 1,2014,Midfielder,Jeju United,702,368,334,South Korea,15,8,7,0,0,0,0,0,0,0,0,5,4,1,8,4,4,0,0,0,0,0,0,0,0,1.03,88,47,0,0,0,244,64,-1,24
Seung-Dae Kim,30,670464000,1991/04/01,K League 1,2014,Forward,Pohang Steelers,2571,1392,1179,South Korea,30,16,14,10,7,3,0,0,0,0,0,15,8,7,20,8,12,3,0,0.35,0,0.35,0.45,0.23,257,0.7,129,86,857,0,0.11,20,178,-1,1
Seung-Gyu Kim,31,654652800,1990/09/30,K League 1,2014,Goalkeeper,Ulsan,2610,1350,1260,South Korea,29,15,14,0,0,0,0,0,0,0,0,10,6,4,27,13,14,0,0,0,0,0,0,0,0,0.93,97,90,0,0,0,224,193,43,23
Seung-Hee Lee,33,581904000,1988/06/10,K League 1,2014,Midfielder,Jeonnam Dragons,2624,1430,1194,South Korea,31,17,14,1,0,1,0,0,0,0,0,8,4,4,35,18,17,9,0,0.03,0,0.03,0,0.08,2624,1.2,75,85,292,0,0.31,148,253,-1,11
Seung-Hyun Lee,36,491097600,1985/07/25,K League 1,2014,Midfielder,Jeonbuk Motors,1132,576,556,South Korea,24,12,12,3,1,2,0,0,0,0,0,8,5,3,15,5,10,1,0,0.24,0,0.24,0.16,0.32,377,1.19,75,47,1132,0,0.08,42,237,-1,9
Seung-Il Park,33,600220800,1989/01/08,K League 1,2014,Forward,Sangju Sangmu,502,277,225,South Korea,11,7,4,0,0,0,0,0,0,0,0,1,1,0,5,2,3,0,0,0,0,0,0,0,0,0.9,100,46,0,0,0,185,118,-1,19
Seung-Jin Bae,34,562896000,1987/11/03,K League 1,2014,Defender,Incheon United,907,367,540,South Korea,11,5,6,0,0,0,0,0,0,0,0,4,3,1,12,4,8,3,0,0,0,0,0,0,0,1.19,76,82,302,0,0.3,250,47,71,19
Seung-Jo Kang,35,506563200,1986/01/20,K League 1,2014,Midfielder,FC Seoul,956,418,538,South Korea,17,8,9,0,0,0,0,0,0,0,0,7,3,4,8,2,6,2,0,0,0,0,0,0,0,0.75,120,56,478,0,0.19,203,164,-1,28
Seung-Ki Lee,33,581212800,1988/06/02,K League 1,2014,Midfielder,Jeonbuk Motors,2078,1082,996,South Korea,26,14,12,5,2,3,0,0,0,0,0,17,9,8,9,5,4,0,0,0.22,0,0.22,0.17,0.27,416,0.39,231,80,0,0,0,48,175,-1,5
Seung-Ryul Lee,32,605145600,1989/03/06,K League 1,2014,Forward,Jeonbuk Motors,372,234,138,South Korea,9,5,4,0,0,0,0,0,0,0,0,7,4,3,1,1,0,1,0,0,0,0,0,0,0,0.24,372,41,372,0,0.24,239,13,-1,17
Seung-Yong Jung,30,669859200,1991/03/25,K League 1,2014,Forward,FC Seoul,0,0,0,South Korea,0,0,0,0,0,0,0,0,0,0,0,0,0,0,0,0,0,0,0,0,0,0,0,0,0,0,0,0,0,0,0,-1,-1,-1,-1
Shin Kim,26,796521600,1995/03/30,K League 1,2014,Forward,Jeonbuk Motors,71,0,71,South Korea,1,0,1,0,0,0,0,0,0,0,0,0,0,0,1,0,1,0,0,0,0,0,0,0,0,1.27,71,71,0,0,0,-1,-1,-1,15
Shin-Wook Kim,33,576979200,1988/04/14,K League 1,2014,Forward,Ulsan,1633,871,762,South Korea,20,11,9,9,6,3,0,0,0,1,0,10,6,4,13,7,6,1,0,0.5,0,0.5,0.62,0.35,181,0.72,126,82,1633,0,0.06,6,206,-1,1
Shin-Young Kim,38,424569600,1983/06/16,K League 1,2014,Forward,Busan I'Park,289,79,210,South Korea,8,4,4,0,0,0,0,0,0,0,0,0,0,0,9,4,5,0,0,0,0,0,0,0,0,2.8,32,36,0,0,0,197,174,-1,27
Soo-Chul Cho,31,657244800,1990/10/30,K League 1,2014,Midfielder,Incheon United,249,5,244,South Korea,6,2,4,1,0,1,0,0,0,0,0,1,0,1,4,0,4,0,0,0.36,0,0.36,0,0.37,249,1.45,62,42,0,0,0,-1,-1,-1,10
Soo-Hyuk Cho,34,543024000,1987/03/18,K League 1,2014,Goalkeeper,Incheon United,0,0,0,South Korea,0,0,0,0,0,0,0,0,0,0,0,0,0,0,0,0,0,0,0,0,0,0,0,0,0,0,0,0,0,0,0,-1,-1,-1,-1
Soo-Hyun Yoo,35,516326400,1986/05/13,K League 1,2014,Midfielder,Sangju Sangmu,117,52,65,South Korea,3,1,2,0,0,0,0,0,0,0,0,0,0,0,3,1,2,0,0,0,0,0,0,0,0,2.31,39,39,0,0,0,-1,-1,-1,14
Soo-Il Kang,34,553305600,1987/07/15,K League 1,2014,Forward,Pohang Steelers,2076,1028,1048,South Korea,29,14,15,6,4,2,0,0,0,0,0,15,8,7,17,8,9,1,0,0.26,0,0.26,0.35,0.17,346,0.74,122,72,2076,0,0.04,36,137,-1,3
Soon-Hak Hong,41,338169600,1980/09/19,K League 1,2014,Midfielder,Suwon Bluewings,0,0,0,South Korea,0,0,0,0,0,0,0,0,0,0,0,0,0,0,0,0,0,0,0,0,0,0,0,0,0,0,0,0,0,0,0,-1,-1,-1,-1
Soon-Hyung Kwon,35,519264000,1986/06/16,K League 1,2014,Midfielder,Sangju Sangmu,2075,1099,976,South Korea,27,15,12,2,2,0,0,0,0,0,0,5,3,2,35,14,21,4,0,0.09,0,0.09,0.16,0,1038,1.52,59,77,519,0,0.17,99,134,-1,6
Sreten Sretenović,36,474336000,1985/01/12,K League 1,2014,Defender,Gyeongnam,2880,1350,1530,Serbia,32,15,17,2,1,1,0,0,0,0,0,8,5,3,40,13,27,7,0,0.06,0,0.06,0.07,0.06,1440,1.25,72,90,411,0,0.22,131,28,80,4
Stefan Nikolić,31,640224000,1990/04/16,K League 1,2014,Forward,Incheon United,361,168,193,Montenegro,7,3,4,0,0,0,0,0,0,0,0,1,1,0,6,3,3,1,1,0,0,0,0,0,0,1.5,60,52,181,0,0.5,272,42,-1,22
Stevica Ristić,39,390960000,1982/05/23,K League 1,2014,Forward,Jeonnam Dragons,2932,1737,1195,FYR Macedonia,35,20,15,13,9,4,0,0,0,0,0,8,4,4,41,23,18,1,0,0.4,0,0.4,0.47,0.3,226,1.26,72,84,2932,0,0.03,14,252,-1,1
Su-Beom Kim,31,654825600,1990/10/02,K League 1,2014,Defender,Jeju United,2685,1368,1317,South Korea,31,16,15,1,1,0,0,0,0,0,0,11,8,3,24,11,13,8,0,0.03,0,0.03,0.07,0,2685,0.8,112,87,336,0,0.27,150,50,27,9
Su-Chang Park,32,614304000,1989/06/20,K League 1,2014,Midfielder,Jeju United,1155,622,533,South Korea,21,9,12,6,5,1,0,0,0,0,0,6,5,1,7,4,3,0,0,0.47,0,0.47,0.72,0.17,193,0.55,165,55,0,0,0,10,73,-1,3
Su-Young Song,30,678931200,1991/07/08,K League 1,2014,Forward,Gyeongnam,1993,993,1000,South Korea,33,16,17,4,2,2,0,0,0,0,0,8,5,3,30,10,20,0,0,0.18,0,0.18,0.18,0.18,498,1.35,66,60,0,0,0,57,270,-1,2
Suk-Hwa Jung,30,674438400,1991/05/17,K League 1,2014,Midfielder,Busan I'Park,1453,767,686,South Korea,26,12,14,1,1,0,0,0,0,0,0,7,4,3,22,11,11,3,0,0.06,0,0.06,0.12,0,1453,1.36,66,56,484,0,0.19,123,158,-1,8
Suk-Won Jang,32,618796800,1989/08/11,K League 1,2014,Defender,Seongnam,1586,806,780,South Korea,20,10,10,0,0,0,0,0,0,0,0,6,4,2,18,10,8,2,0,0,0,0,0,0,0,1.02,88,79,793,0,0.11,176,103,53,13
Sun-Ho Jung,32,606787200,1989/03/25,K League 1,2014,Midfielder,Seongnam,2389,1233,1156,South Korea,28,14,14,2,1,1,0,0,0,0,0,6,4,2,29,17,12,4,0,0.08,0,0.08,0.07,0.08,1195,1.09,82,85,597,0,0.15,109,124,-1,6
Sun-Ju Park,28,733104000,1993/03/26,K League 1,2014,Defender,Pohang Steelers,932,352,580,South Korea,18,8,10,0,0,0,0,0,0,0,0,8,4,4,7,3,4,2,0,0,0,0,0,0,0,0.68,133,52,466,0,0.19,173,108,21,23
Sun-Min Kim,30,692496000,1991/12/12,K League 1,2014,Midfielder,Ulsan,851,414,437,South Korea,18,9,9,0,0,0,0,0,0,0,0,4,2,2,10,7,3,0,0,0,0,0,0,0,0,1.06,85,47,0,0,0,218,207,-1,30
Sun-Tae Kwoun,37,463708800,1984/09/11,K League 1,2014,Goalkeeper,Jeonbuk Motors,2970,1350,1620,South Korea,34,16,18,0,0,0,0,0,0,0,0,20,10,10,14,6,8,0,0,0,0,0,0,0,0,0.42,212,87,0,0,0,233,148,5,27
Sun-Yong Park,32,605664000,1989/03/12,K League 1,2014,Midfielder,Jeonnam Dragons,764,360,404,South Korea,9,4,5,0,0,0,0,0,0,0,0,1,0,1,10,7,3,0,0,0,0,0,0,0,0,1.18,76,85,0,0,0,212,275,-1,21
Sung-Hwan Kim,35,534988800,1986/12/15,K League 1,2014,Midfielder,Ulsan,2250,856,1394,South Korea,28,12,16,1,0,1,0,0,0,0,0,7,3,4,30,11,19,12,0,0.04,0,0.04,0,0.06,2250,1.2,75,80,188,0,0.48,138,208,-1,15
Sung-Hye Yeo,34,555206400,1987/08/06,K League 1,2014,Defender,Gyeongnam,1610,919,691,South Korea,20,11,9,1,0,1,0,0,0,0,0,4,3,1,23,11,12,3,0,0.06,0,0.06,0,0.13,1610,1.29,70,81,537,0,0.17,126,84,85,13
Sung-Jin Cho,31,661132800,1990/12/14,K League 1,2014,Defender,Suwon Bluewings,3330,1620,1710,South Korea,37,18,19,0,0,0,0,0,0,0,0,15,6,9,31,15,16,3,0,0,0,0,0,0,0,0.84,107,90,1110,0,0.08,248,60,33,25
Sung-Min Choi,30,682646400,1991/08/20,K League 1,2014,Defender,Gyeongnam,98,0,98,South Korea,3,1,2,0,0,0,0,0,0,0,0,2,1,1,3,0,3,1,0,0,0,0,0,0,0,2.76,33,33,98,0,0.92,-1,-1,-1,26
Sung-Min Ha,34,550540800,1987/06/13,K League 1,2014,Midfielder,Ulsan,1276,643,633,South Korea,17,8,9,0,0,0,0,0,0,0,0,3,2,1,15,7,8,5,0,0,0,0,0,0,0,1.06,85,75,255,0,0.35,192,96,-1,20
Sung-Ryong Jung,37,473644800,1985/01/04,K League 1,2014,Goalkeeper,Suwon Bluewings,3060,1440,1620,South Korea,34,16,18,0,0,0,0,0,0,0,0,13,5,8,27,11,16,1,0,0,0,0,0,0,0,0.79,113,90,3060,0,0.03,247,54,26,24
Sung-Wook Jin,28,756000000,1993/12/16,K League 1,2014,Forward,Incheon United,1031,586,445,South Korea,26,14,12,6,4,2,0,0,0,0,0,9,6,3,8,3,5,3,0,0.52,0,0.52,0.61,0.4,172,0.7,129,40,344,0,0.26,4,11,-1,2
Tae-Goon Ha,34,562809600,1987/11/02,K League 1,2014,Forward,Suwon Bluewings,851,403,448,South Korea,14,7,7,4,1,3,0,0,0,1,0,4,2,2,14,4,10,2,0,0.42,0,0.42,0.22,0.6,213,1.48,61,61,426,0,0.21,13,231,-1,7
Tae-Ho Kim,32,622425600,1989/09/22,K League 1,2014,Defender,Jeonnam Dragons,2617,1307,1310,South Korea,32,17,15,0,0,0,0,0,0,0,0,7,4,3,35,14,21,4,0,0,0,0,0,0,0,1.2,75,82,654,0,0.14,210,249,74,27
Tae-Hwan Kim,32,617241600,1989/07/24,K League 1,2014,Defender,Seongnam,3162,1559,1603,South Korea,36,18,18,5,3,2,0,0,0,0,0,11,8,3,32,17,15,6,0,0.14,0,0.14,0.17,0.11,632,0.91,99,88,527,0,0.17,70,215,39,2
Tae-Min Park,35,506649600,1986/01/21,K League 1,2014,Midfielder,Incheon United,3196,1666,1530,South Korea,36,19,17,1,0,1,0,0,0,0,0,13,9,4,39,12,27,4,0,0.03,0,0.03,0,0.06,3196,1.1,82,89,799,0,0.11,145,140,-1,9
Tae-Se Jong,37,447033600,1984/03/02,K League 1,2014,Forward,Suwon Bluewings,1656,556,1100,North Korea,28,12,16,7,3,4,0,0,0,0,0,10,4,6,15,2,13,2,0,0.38,0,0.38,0.49,0.33,237,0.82,110,59,828,0,0.11,17,18,-1,3
Tae-Su Kim,40,367545600,1981/08/25,K League 1,2014,Midfielder,Pohang Steelers,2146,1264,882,South Korea,28,16,12,0,0,0,0,0,0,0,0,10,7,3,23,12,11,1,0,0,0,0,0,0,0,0.96,93,77,2146,0,0.04,219,190,-1,31
Tae-Uk Choi,40,353289600,1981/03/13,K League 1,2014,Forward,Ulsan,7,0,7,South Korea,1,0,1,0,0,0,0,0,0,0,0,1,0,1,0,0,0,0,0,0,0,0,0,0,0,0,0,7,0,0,0,-1,-1,-1,29
Tae-Woong Park,33,570499200,1988/01/30,K League 1,2014,Midfielder,Sangju Sangmu,0,0,0,South Korea,0,0,0,0,0,0,0,0,0,0,0,0,0,0,0,0,0,0,0,0,0,0,0,0,0,0,0,0,0,0,0,-1,-1,-1,-1
Tae-You Han,40,354844800,1981/03/31,K League 1,2014,Midfielder,FC Seoul,0,0,0,South Korea,0,0,0,0,0,0,0,0,0,0,0,0,0,0,0,0,0,0,0,0,0,0,0,0,0,0,0,0,0,0,0,-1,-1,-1,-1
Tae-Youn Park,30,670809600,1991/04/05,K League 1,2014,Defender,Ulsan,0,0,0,South Korea,0,0,0,0,0,0,0,0,0,0,0,0,0,0,0,0,0,0,0,0,0,0,0,0,0,0,0,0,0,0,0,-1,-1,-1,-1
Vinícius Cunha Reche,37,444096000,1984/01/28,K League 1,2014,Midfielder,Jeonbuk Motors,75,75,0,Brazil,2,2,0,0,0,0,0,0,0,0,0,2,2,0,0,0,0,0,0,0,0,0,0,0,0,0,0,38,0,0,0,-1,-1,-1,33
Vinícius Silva Soares,32,608428800,1989/04/13,K League 1,2014,Forward,Ulsan,1570,741,829,Brazil,20,9,11,3,1,2,0,0,0,0,0,3,2,1,24,9,15,0,0,0.17,0,0.17,0.12,0.22,523,1.38,65,79,0,0,0,62,89,-1,6
Wan-Kyu Kwon,30,690595200,1991/11/20,K League 1,2014,Defender,Gyeongnam,1340,662,678,South Korea,17,8,9,1,1,0,0,0,0,0,0,5,4,1,16,4,12,3,0,0.07,0,0.07,0.14,0,1340,1.07,84,79,447,0,0.2,113,29,59,7
Wander Luiz Bitencourt Junior,34,549331200,1987/05/30,K League 1,2014,Midfielder,Ulsan,244,90,154,Brazil,4,1,3,0,0,0,0,0,0,0,0,2,1,1,1,0,1,0,0,0,0,0,0,0,0,0.37,244,61,0,0,0,-1,-1,-1,21
Won-Hee Cho,38,419385600,1983/04/17,K League 1,2014,Midfielder,Gyeongnam,1048,540,508,South Korea,12,6,6,0,0,0,0,0,0,0,0,4,3,1,15,6,9,2,0,0,0,0,0,0,0,1.29,70,87,524,0,0.17,238,267,-1,32
Won-Il Kim,35,529977600,1986/10/18,K League 1,2014,Defender,Pohang Steelers,1583,990,593,South Korea,18,11,7,1,1,0,0,0,0,0,0,7,4,3,17,10,7,5,0,0.06,0,0.06,0.09,0,1583,0.97,93,88,317,0,0.28,128,191,46,11
Won-Jae Park,37,454550400,1984/05/28,K League 1,2014,Defender,Jeonbuk Motors,226,180,46,South Korea,3,2,1,0,0,0,0,0,0,0,0,2,2,0,0,0,0,0,0,0,0,0,0,0,0,0,0,75,0,0,0,-1,-1,-1,31
Won-Jae Song,32,604022400,1989/02/21,K League 1,2014,Midfielder,Sangju Sangmu,648,346,302,South Korea,13,7,6,0,0,0,0,0,0,0,0,3,3,0,10,4,6,0,0,0,0,0,0,0,0,1.39,65,50,0,0,0,277,240,-1,24
Won-Young Lee,40,353289600,1981/03/13,K League 1,2014,Defender,Busan I'Park,1013,370,643,South Korea,14,5,9,0,0,0,0,0,0,0,0,2,1,1,17,6,11,4,1,0,0,0,0,0,0,1.51,60,72,253,0,0.36,228,153,100,31
Woo-Jae Jung,29,709689600,1992/06/28,K League 1,2014,Midfielder,Seongnam,51,46,5,South Korea,2,1,1,0,0,0,0,0,0,0,0,1,1,0,0,0,0,0,0,0,0,0,0,0,0,0,0,26,0,0,0,-1,-1,-1,16
Woo-Jin Lee,35,514771200,1986/04/25,K League 1,2014,Defender,Jeonbuk Motors,93,93,0,South Korea,2,2,0,0,0,0,0,0,0,0,0,1,1,0,0,0,0,1,0,0,0,0,0,0,0,0,0,47,93,0,0.97,-1,-1,-1,16
Woo-Yeon Sim,36,481334400,1985/04/03,K League 1,2014,Defender,Seongnam,318,156,162,South Korea,5,2,3,0,0,0,0,0,0,0,0,0,0,0,3,2,1,0,0,0,0,0,0,0,0,0.85,106,64,0,0,0,262,226,34,18
Woo-Young Jeon,34,567561600,1987/12/27,K League 1,2014,Midfielder,Busan I'Park,988,684,304,South Korea,17,12,5,0,0,0,0,0,0,0,0,7,5,2,7,5,2,0,0,0,0,0,0,0,0,0.64,141,58,0,0,0,200,170,-1,23
Woong-Hee Lee,33,585187200,1988/07/18,K League 1,2014,Defender,FC Seoul,2154,984,1170,South Korea,24,11,13,0,0,0,0,0,0,0,0,9,4,5,14,7,7,2,0,0,0,0,0,0,0,0.58,154,90,1077,0,0.08,205,262,13,20
Yeon-Soo Shin,29,702518400,1992/04/06,K League 1,2014,Midfielder,Busan I'Park,64,0,64,South Korea,1,0,1,0,0,0,0,0,0,0,0,0,0,0,0,0,0,1,0,0,0,0,0,0,0,0,0,64,64,0,1.41,-1,-1,-1,15
Yo-Han Ko,33,573955200,1988/03/10,K League 1,2014,Midfielder,FC Seoul,2265,1097,1168,South Korea,32,16,16,4,3,1,0,0,0,0,0,12,5,7,20,9,11,3,0,0.16,0,0.16,0.25,0.08,566,0.79,113,71,755,0,0.12,66,162,-1,4
Yo-Han Lee,36,503712000,1985/12/18,K League 1,2014,Defender,Seongnam,571,482,89,South Korea,17,11,6,0,0,0,0,0,0,0,0,6,4,2,12,11,1,5,1,0,0,0,0,0,0,1.89,48,34,114,0,0.79,151,17,105,17
Yong Lee,35,535766400,1986/12/24,K League 1,2014,Defender,Ulsan,2605,1187,1418,South Korea,31,14,17,0,0,0,0,0,0,0,0,8,5,3,30,10,20,4,0,0,0,0,0,0,0,1.04,87,84,651,0,0.14,225,204,56,32
Yong Lee,32,601344000,1989/01/21,K League 1,2014,Defender,Jeju United,1099,392,707,South Korea,18,7,11,0,0,0,0,0,0,0,0,4,2,2,13,3,10,3,1,0,0,0,0,0,0,1.06,85,61,275,0,0.33,242,51,58,26
Yong-Chan Kim,31,639532800,1990/04/08,K League 1,2014,Defender,Incheon United,0,0,0,South Korea,0,0,0,0,0,0,0,0,0,0,0,0,0,0,0,0,0,0,0,0,0,0,0,0,0,0,0,0,0,0,0,-1,-1,-1,-1
Yong-Dae Kim,42,308448000,1979/10/11,K League 1,2014,Goalkeeper,FC Seoul,2088,1170,918,South Korea,24,13,11,0,0,0,0,0,0,0,0,8,5,3,18,7,11,0,0,0,0,0,0,0,0,0.78,116,87,0,0,0,202,167,25,19
Yong-Deok Seo,32,621388800,1989/09/10,K League 1,2014,Midfielder,Ulsan,722,283,439,South Korea,13,5,8,1,1,0,0,0,0,0,0,3,2,1,11,5,6,0,0,0.12,0,0.12,0.32,0,722,1.37,66,56,0,0,0,83,82,-1,16
Yong-Hwan Kim,28,738288000,1993/05/25,K League 1,2014,Defender,Incheon United,1168,630,538,South Korea,14,7,7,0,0,0,0,0,0,0,0,4,2,2,14,6,8,1,0,0,0,0,0,0,0,1.08,83,83,1168,0,0.08,157,74,61,15
Yong-Jae Park,32,628214400,1989/11/28,K League 1,2014,Midfielder,Jeonnam Dragons,104,54,50,South Korea,2,1,1,0,0,0,0,0,0,0,0,0,0,0,2,1,1,0,0,0,0,0,0,0,0,1.73,52,52,0,0,0,-1,-1,-1,29
Yong-Ji Park,29,718588800,1992/10/09,K League 1,2014,Forward,Busan I'Park,1597,822,775,South Korea,27,15,12,2,1,1,0,0,0,0,0,6,4,2,18,7,11,5,0,0.11,0,0.11,0.11,0.12,799,1.01,89,59,319,0,0.28,89,110,-1,4
Yong-Ki Lee,36,486259200,1985/05/30,K League 1,2014,Defender,Sangju Sangmu,234,191,43,South Korea,5,3,2,0,0,0,0,0,0,0,0,0,0,0,4,3,1,3,0,0,0,0,0,0,0,1.54,59,47,78,0,1.15,-1,-1,-1,22
Yong-Tae Cho,35,512611200,1986/03/31,K League 1,2014,Forward,Gyeongnam,23,0,23,South Korea,1,0,1,0,0,0,0,0,0,0,0,0,0,0,1,0,1,0,0,0,0,0,0,0,0,3.91,23,23,0,0,0,-1,-1,-1,18
Yong-Tae Kim,37,453859200,1984/05/20,K League 1,2014,Midfielder,Busan I'Park,1829,862,967,South Korea,26,11,15,3,2,1,0,0,0,0,0,4,1,3,26,11,15,2,0,0.15,0,0.15,0.21,0.09,610,1.28,70,70,915,0,0.1,69,210,-1,3
Yong-Woo Ahn,30,681782400,1991/08/10,K League 1,2014,Forward,Jeonnam Dragons,2654,1402,1252,South Korea,31,17,14,6,4,2,0,0,0,0,0,8,4,4,37,20,17,3,0,0.2,0,0.2,0.26,0.14,442,1.25,72,86,885,0,0.1,53,250,-1,3
Yoo-Shin Yeom,29,713404800,1992/08/10,K League 1,2014,Midfielder,Seongnam,0,0,0,South Korea,0,0,0,0,0,0,0,0,0,0,0,0,0,0,0,0,0,0,0,0,0,0,0,0,0,0,0,0,0,0,0,-1,-1,-1,-1
Yoo-Sung Han,30,676425600,1991/06/09,K League 1,2014,Goalkeeper,Jeonnam Dragons,0,0,0,South Korea,0,0,0,0,0,0,0,0,0,0,0,0,0,0,0,0,0,0,0,0,0,0,0,0,0,0,0,0,0,0,0,-1,-1,-1,-1
Young-Bin Kim,37,450230400,1984/04/08,K League 1,2014,Defender,Gyeongnam,540,270,270,South Korea,6,3,3,0,0,0,0,0,0,0,0,1,1,0,7,2,5,0,0,0,0,0,0,0,0,1.17,77,90,0,0,0,177,100,69,21
Young-Jin Kwon,30,664588800,1991/01/23,K League 1,2014,Defender,Jeonbuk Motors,14,14,0,South Korea,1,1,0,0,0,0,0,0,0,0,0,0,0,0,0,0,0,0,0,0,0,0,0,0,0,0,0,14,0,0,0,-1,-1,-1,18
Young-Jun Choi,30,692755200,1991/12/15,K League 1,2014,Midfielder,Gyeongnam,1262,578,684,South Korea,21,10,11,0,0,0,0,0,0,0,0,5,2,3,22,12,10,1,0,0,0,0,0,0,0,1.57,57,60,1262,0,0.07,265,230,-1,27
Young-Jun Shin,32,621043200,1989/09/06,K League 1,2014,Midfielder,Pohang Steelers,397,187,210,South Korea,15,9,6,0,0,0,0,0,0,0,0,9,6,3,4,2,2,3,0,0,0,0,0,0,0,0.91,99,26,132,0,0.68,221,184,-1,27
Young-Kwang Kim,38,425606400,1983/06/28,K League 1,2014,Goalkeeper,Gyeongnam,2880,1440,1440,South Korea,32,16,16,0,0,0,0,0,0,0,0,9,6,3,41,17,24,2,0,0,0,0,0,0,0,1.28,70,90,1440,0,0.06,214,279,84,23
Young-Min Hyun,42,314928000,1979/12/25,K League 1,2014,Defender,Jeonnam Dragons,2860,1794,1066,South Korea,32,20,12,2,1,1,0,0,0,0,0,7,4,3,43,24,19,9,0,0.06,0,0.06,0.05,0.08,1430,1.35,67,89,318,0,0.28,121,258,92,6
Young-Nam Kim,30,669772800,1991/03/24,K League 1,2014,Midfielder,Seongnam,279,90,189,South Korea,4,1,3,0,0,0,0,0,0,0,0,0,0,0,5,2,3,2,0,0,0,0,0,0,0,1.61,56,70,140,0,0.65,169,86,-1,15
Young-Sam Kim,39,386726400,1982/04/04,K League 1,2014,Midfielder,Ulsan,2000,873,1127,South Korea,24,11,13,0,0,0,0,0,0,0,0,7,4,3,20,7,13,6,1,0,0,0,0,0,0,0.9,100,83,333,0,0.27,226,209,-1,31
Young-Shin Kim,35,509932800,1986/02/28,K League 1,2014,Midfielder,Jeju United,424,198,226,South Korea,6,3,3,0,0,0,0,0,0,0,0,1,0,1,3,2,1,1,0,0,0,0,0,0,0,0.64,141,71,424,0,0.21,246,61,-1,20
Young-Sun Yun,33,591926400,1988/10/04,K League 1,2014,Defender,Seongnam,1493,753,740,South Korea,19,10,9,0,0,0,0,0,0,0,0,8,6,2,11,5,6,2,0,0,0,0,0,0,0,0.66,136,79,747,0,0.12,266,246,18,22
Young-Tae Gil,30,676944000,1991/06/15,K League 1,2014,Defender,Pohang Steelers,90,0,90,South Korea,1,0,1,0,0,0,0,0,0,0,0,1,0,1,0,0,0,1,0,0,0,0,0,0,0,0,0,90,90,0,1,-1,-1,-1,32
Young-Woo Kim,37,456105600,1984/06/15,K League 1,2014,Midfielder,Jeonnam Dragons,853,375,478,South Korea,19,9,10,0,0,0,0,0,0,0,0,4,2,2,10,5,5,2,0,0,0,0,0,0,0,1.06,85,45,427,0,0.21,211,264,-1,26
Young-Wook Kim,30,672883200,1991/04/29,K League 1,2014,Midfielder,Jeonnam Dragons,465,140,325,South Korea,11,5,6,0,0,0,0,0,0,0,0,2,2,0,10,3,7,1,0,0,0,0,0,0,0,1.94,47,42,465,0,0.19,182,130,-1,13
Yun-Pyo Lee,37,463104000,1984/09/04,K League 1,2014,Defender,Incheon United,3286,1710,1576,South Korea,37,19,18,0,0,0,0,0,0,0,0,13,9,4,42,14,28,2,0,0,0,0,0,0,0,1.15,78,89,1643,0,0.05,282,141,68,21
