timestamp,date_GMT,status,attendance,home_team_name,away_team_name,referee,Game Week,Pre-Match PPG (Home),Pre-Match PPG (Away),home_ppg,away_ppg,home_team_goal_count,away_team_goal_count,total_goal_count,total_goals_at_half_time,home_team_goal_count_half_time,away_team_goal_count_half_time,home_team_goal_timings,away_team_goal_timings,home_team_corner_count,away_team_corner_count,home_team_yellow_cards,home_team_red_cards,away_team_yellow_cards,away_team_red_cards,home_team_first_half_cards,home_team_second_half_cards,away_team_first_half_cards,away_team_second_half_cards,home_team_shots,away_team_shots,home_team_shots_on_target,away_team_shots_on_target,home_team_shots_off_target,away_team_shots_off_target,home_team_fouls,away_team_fouls,home_team_possession,away_team_possession,team_a_xg,team_b_xg,average_goals_per_match_pre_match,btts_percentage_pre_match,over_15_percentage_pre_match,over_25_percentage_pre_match,over_35_percentage_pre_match,over_45_percentage_pre_match,over_15_HT_FHG_percentage_pre_match,over_05_HT_FHG_percentage_pre_match,over_15_2HG_percentage_pre_match,over_05_2HG_percentage_pre_match,average_corners_per_match_pre_match,average_cards_per_match_pre_match,odds_ft_home_team_win,odds_ft_draw,odds_ft_away_team_win,odds_ft_over15,odds_ft_over25,odds_ft_over35,odds_ft_over45,odds_btts_yes,odds_btts_no,stadium_name
1520053200,Mar 03 2018 - 5:00am,complete,2649,Busan I'Park,Seongnam,N/A,1,0.00,0.00,1.47,1.83,1,1,2,1,1,0,"45'1","90'2",-1,-1,2,1,1,1,1,2,0,2,-1,-1,-1,-1,-1,-1,-1,-1,-1,-1,0.00,0.00,0.00,0,0,0,0,0,0,0,0,0,0.00,0.00,0.00,0.00,0.00,0.00,0.00,0.00,0.00,0.00,0.00,Busan Gudeok Stadium
1520056800,Mar 03 2018 - 6:00am,complete,2172,Daejeon Citizen,Bucheon 1995,N/A,1,0.00,0.00,1.42,1.33,1,2,3,2,1,1,"34","13,85",4,8,3,0,1,0,1,2,1,0,7,11,3,7,4,4,-1,-1,51,49,1.13,1.86,0.00,0,0,0,0,0,0,0,0,0,0.00,0.00,0.00,0.00,0.00,0.00,0.00,0.00,0.00,0.00,0.00,Daejeon World Cup Stadium
1520056800,Mar 03 2018 - 6:00am,complete,4232,Gwangju,Anyang,N/A,1,0.00,0.00,1.28,0.89,0,0,0,0,0,0,"","",-1,-1,1,0,0,0,1,0,0,0,-1,-1,-1,-1,-1,-1,-1,-1,-1,-1,0.00,0.00,0.00,0,0,0,0,0,0,0,0,0,0.00,0.00,0.00,0.00,0.00,0.00,0.00,0.00,0.00,0.00,0.00,Gwangju World Cup Stadium
1520143200,Mar 04 2018 - 6:00am,complete,2609,Suwon,Seoul E-Land,N/A,1,0.00,0.00,1.22,1.00,1,0,1,1,1,0,"39","",-1,-1,3,0,3,0,3,0,1,2,-1,-1,-1,-1,-1,-1,-1,-1,-1,-1,0.00,0.00,0.00,0,0,0,0,0,0,0,0,0,0.00,0.00,0.00,0.00,0.00,0.00,0.00,0.00,0.00,0.00,0.00,Suwon Civil Stadium
1520150400,Mar 04 2018 - 8:00am,complete,2515,Asan Mugunghwa,Ansan Greeners,N/A,1,0.00,0.00,2.11,0.72,1,0,1,0,0,0,"48","",5,2,1,0,2,1,0,1,1,2,10,6,4,2,6,4,-1,-1,53,47,1.65,0.99,0.00,0,0,0,0,0,0,0,0,0,0.00,0.00,0.00,0.00,0.00,0.00,0.00,0.00,0.00,0.00,0.00,Yishunsin Stadium (Asan)
1520658000,Mar 10 2018 - 5:00am,complete,2368,Seongnam,Gwangju,N/A,2,0.00,0.00,1.78,1.32,0,0,0,0,0,0,"","",5,9,2,0,1,0,1,1,0,1,15,14,6,3,9,11,-1,-1,53,47,1.94,1.78,0.00,0,0,0,0,0,0,0,0,0,0.00,0.00,0.00,0.00,0.00,0.00,0.00,0.00,0.00,0.00,0.00,Seongnam Tancheon Sports Complex
1520668800,Mar 10 2018 - 8:00am,complete,1070,Asan Mugunghwa,Suwon,N/A,2,3.00,0.00,2.11,1.11,2,0,2,1,1,0,"33,90'2","",7,3,2,0,1,0,0,2,1,0,12,11,8,3,4,8,-1,-1,53,47,2.05,1.61,0.50,0,0,0,0,0,0,0,0,50,5.00,1.00,0.00,0.00,0.00,0.00,0.00,0.00,0.00,0.00,0.00,Yishunsin Stadium (Asan)
1520748000,Mar 11 2018 - 6:00am,complete,5532,Ansan Greeners,Daejeon Citizen,N/A,2,0.00,0.00,1.44,1.53,3,2,5,2,1,1,"11,66,90'1","9,52",1,9,2,2,1,0,3,1,1,0,9,20,8,8,1,12,-1,-1,52,48,1.60,2.47,0.00,0,0,0,0,0,0,0,0,0,0.00,0.00,0.00,0.00,0.00,0.00,0.00,0.00,0.00,0.00,0.00,Ansan Wa~ Stadium
1520748000,Mar 11 2018 - 6:00am,complete,1349,Seoul E-Land,Busan I'Park,N/A,2,0.00,0.00,1.06,1.72,2,2,4,1,0,1,"48,54","21,72",-1,-1,4,0,2,0,2,2,0,2,-1,-1,-1,-1,-1,-1,-1,-1,-1,-1,0.00,0.00,0.00,0,0,0,0,0,0,0,0,0,0.00,0.00,0.00,0.00,0.00,0.00,0.00,0.00,0.00,0.00,0.00,Seoul Olympic Stadium (Seoul)
1520748000,Mar 11 2018 - 6:00am,complete,6503,Anyang,Bucheon 1995,N/A,2,0.00,3.00,1.56,1.33,0,3,3,1,0,1,"","32,81,90'1",-1,-1,2,0,0,0,0,2,0,0,-1,-1,-1,-1,-1,-1,-1,-1,-1,-1,0.00,0.00,1.50,50,50,50,0,0,50,50,0,50,8.00,1.00,0.00,0.00,0.00,0.00,0.00,0.00,0.00,0.00,0.00,Anyang Stadium
1521266400,Mar 17 2018 - 6:00am,complete,1581,Ansan Greeners,Anyang,N/A,3,3.00,1.00,1.44,0.89,2,1,3,1,1,0,"23,70","49",4,5,2,0,4,0,0,2,2,2,7,17,4,7,3,10,-1,-1,47,53,1.20,2.28,2.50,50,50,50,50,50,50,50,50,50,1.00,5.00,0.00,0.00,0.00,0.00,0.00,0.00,0.00,0.00,0.00,Ansan Wa~ Stadium
1521266400,Mar 17 2018 - 6:00am,complete,1767,Suwon,Seongnam,N/A,3,3.00,1.00,1.22,1.83,1,4,5,2,1,1,"1","12,67,79,85",0,0,1,0,0,0,0,1,0,0,3,2,2,2,1,0,-1,-1,53,47,0.36,0.30,1.50,50,50,0,0,0,0,100,0,50,0.00,6.00,0.00,0.00,0.00,0.00,0.00,0.00,0.00,0.00,0.00,Suwon Civil Stadium
1521266400,Mar 17 2018 - 6:00am,complete,645,Gwangju,Bucheon 1995,N/A,3,1.00,3.00,1.28,1.33,1,2,3,0,0,0,"87","61,62",-1,-1,2,0,2,0,2,0,1,1,-1,-1,-1,-1,-1,-1,-1,-1,-1,-1,0.00,0.00,1.50,25,50,50,0,0,25,50,25,50,8.00,1.50,0.00,0.00,0.00,0.00,0.00,0.00,0.00,0.00,0.00,Gwangju World Cup Stadium
1521349200,Mar 18 2018 - 5:00am,complete,1482,Busan I'Park,Asan Mugunghwa,N/A,3,1.00,0.00,1.47,1.89,1,0,1,1,1,0,"37","",1,7,2,0,3,0,1,1,0,3,6,6,3,2,3,4,-1,-1,49,51,1.17,1.19,1.00,50,50,0,0,0,0,50,0,50,0.00,4.00,0.00,0.00,0.00,0.00,0.00,0.00,0.00,0.00,0.00,Busan Gudeok Stadium
1521352800,Mar 18 2018 - 6:00am,complete,1158,Daejeon Citizen,Seoul E-Land,N/A,3,0.00,0.00,1.42,1.00,1,0,1,0,0,0,"76","",4,2,4,0,2,2,1,3,1,3,11,8,4,4,7,4,-1,-1,52,48,1.51,1.26,2.00,50,50,50,0,0,50,100,0,50,4.00,6.00,0.00,0.00,0.00,0.00,0.00,0.00,0.00,0.00,0.00,Daejeon World Cup Stadium
1521871200,Mar 24 2018 - 6:00am,complete,2178,Suwon,Bucheon 1995,N/A,4,1.50,3.00,1.22,1.33,0,1,1,1,0,1,"","2",5,3,1,0,3,1,0,1,2,2,12,11,3,7,9,4,-1,-1,51,49,1.73,1.68,3.00,59,75,75,25,25,42,84,59,75,8.00,3.00,0.00,0.00,0.00,0.00,0.00,0.00,0.00,0.00,0.00,Suwon Civil Stadium
1521871200,Mar 24 2018 - 6:00am,complete,560,Seoul E-Land,Gwangju,N/A,4,1.00,1.00,1.06,1.32,0,0,0,0,0,0,"","",2,6,2,0,2,0,1,1,2,0,6,20,2,7,4,13,-1,-1,53,47,1.15,2.45,2.00,50,50,50,50,0,0,50,50,50,9.00,5.00,0.00,0.00,0.00,0.00,0.00,0.00,0.00,0.00,0.00,Seoul Olympic Stadium (Seoul)
1521878400,Mar 24 2018 - 8:00am,complete,986,Asan Mugunghwa,Anyang,N/A,4,3.00,0.50,2.11,0.89,1,1,2,1,1,0,"22","49",1,1,2,0,2,0,2,0,2,0,3,2,2,2,1,0,-1,-1,52,48,0.45,0.38,1.50,25,50,25,0,0,0,50,25,75,11.00,3.50,0.00,0.00,0.00,0.00,0.00,0.00,0.00,0.00,0.00,Yishunsin Stadium (Asan)
1521954000,Mar 25 2018 - 5:00am,complete,2208,Seongnam,Ansan Greeners,N/A,4,1.00,0.00,1.78,0.72,0,0,0,0,0,0,"","",-1,-1,2,0,1,0,1,1,0,1,-1,-1,-1,-1,-1,-1,-1,-1,-1,-1,0.00,0.00,0.50,0,0,0,0,0,0,0,0,50,7.00,5.00,0.00,0.00,0.00,0.00,0.00,0.00,0.00,0.00,0.00,Seongnam Tancheon Sports Complex
1521957600,Mar 25 2018 - 6:00am,complete,1197,Daejeon Citizen,Busan I'Park,N/A,4,1.50,1.00,1.42,1.72,0,1,1,1,0,1,"","10",3,3,2,1,3,0,2,1,1,2,6,14,2,7,4,7,-1,-1,48,52,0.93,1.87,3.00,75,75,75,50,0,25,75,50,100,4.00,5.50,0.00,0.00,0.00,0.00,0.00,0.00,0.00,0.00,0.00,Daejeon World Cup Stadium
1522472400,Mar 31 2018 - 5:00am,complete,N/A,Busan I'Park,Ansan Greeners,N/A,5,2.00,0.50,1.47,0.72,1,1,2,0,0,0,"76","90",-1,-1,-1,-1,-1,-1,-1,-1,-1,-1,-1,-1,-1,-1,-1,-1,-1,-1,-1,-1,0.00,0.00,1.00,25,25,0,0,0,0,50,0,50,3.00,5.00,1.50,3.80,6.25,0.00,0.00,0.00,0.00,2.20,1.67,Busan Gudeok Stadium
1522476000,Mar 31 2018 - 6:00am,complete,N/A,Seoul E-Land,Bucheon 1995,N/A,5,1.00,3.00,1.06,1.33,2,4,6,2,2,0,"28,30","56,63,80,88",-1,-1,-1,-1,-1,-1,-1,-1,-1,-1,-1,-1,-1,-1,-1,-1,-1,-1,-1,-1,0.00,0.00,2.25,50,63,63,25,0,13,63,50,63,7.50,4.75,3.65,3.25,2.00,0.00,0.00,0.00,0.00,1.95,1.83,Seoul Olympic Stadium (Seoul)
1522476000,Mar 31 2018 - 6:00am,complete,N/A,Anyang,Suwon,N/A,5,0.00,0.00,1.56,1.11,0,1,1,1,0,1,"","27",6,10,-1,-1,-1,-1,-1,-1,-1,-1,14,12,4,5,10,7,-1,-1,51,49,1.72,1.76,2.50,0,100,50,0,0,0,100,50,100,3.00,3.00,2.65,3.15,2.55,0.00,0.00,0.00,0.00,1.91,1.87,Anyang Stadium
1522558800,Apr 01 2018 - 5:00am,complete,N/A,Seongnam,Asan Mugunghwa,N/A,5,1.00,0.00,1.78,1.89,1,0,1,0,0,0,"69","",2,4,-1,-1,-1,-1,-1,-1,-1,-1,9,7,3,2,6,5,-1,-1,50,50,1.38,1.25,0.50,0,0,0,0,0,0,50,0,0,12.00,5.00,2.40,2.95,3.00,0.00,0.00,0.00,0.00,2.25,1.67,Seongnam Tancheon Sports Complex
1522562400,Apr 01 2018 - 6:00am,complete,N/A,Gwangju,Daejeon Citizen,N/A,5,0.50,0.00,1.28,1.53,0,1,1,0,0,0,"","62",7,3,-1,-1,-1,-1,-1,-1,-1,-1,17,9,7,4,10,5,-1,-1,47,53,2.24,1.42,3.25,75,75,75,50,50,50,50,75,75,9.00,2.50,2.15,3.20,3.20,0.00,0.00,0.00,0.00,2.05,1.80,Gwangju World Cup Stadium
1523080800,Apr 07 2018 - 6:00am,complete,N/A,Ansan Greeners,Suwon,N/A,6,3.00,1.50,1.44,1.11,1,0,1,1,1,0,"11","",2,10,-1,-1,-1,-1,-1,-1,-1,-1,8,9,4,3,4,6,-1,-1,47,53,1.19,1.57,2.75,50,75,50,25,25,25,100,50,75,9.00,4.50,2.45,3.05,2.85,0.00,0.00,0.00,0.00,2.00,1.80,Ansan Wa~ Stadium
1523080800,Apr 07 2018 - 6:00am,complete,405,Anyang,Daejeon Citizen,N/A,6,0.00,1.50,1.56,1.53,1,1,2,1,1,0,"19","83",3,2,3,1,0,0,3,1,0,0,9,10,5,3,4,7,-1,-1,50,50,1.38,1.50,2.50,25,50,50,25,25,25,75,50,75,12.00,3.00,2.05,3.25,3.45,0.00,0.00,0.00,0.00,1.95,1.83,Anyang Stadium
1523088000,Apr 07 2018 - 8:00am,complete,958,Asan Mugunghwa,Bucheon 1995,N/A,6,2.33,3.00,2.11,1.33,4,2,6,2,2,0,"3,22,57,90","77,90'3",1,5,2,1,1,0,0,3,0,1,18,11,9,9,9,2,-1,-1,49,51,2.42,1.91,2.44,47,74,40,10,10,20,74,30,90,9.83,3.42,2.60,3.00,2.65,0.00,0.00,0.00,0.00,2.05,1.80,Yishunsin Stadium (Asan)
1523163600,Apr 08 2018 - 5:00am,complete,1008,Busan I'Park,Gwangju,N/A,6,1.67,1.00,1.47,1.32,0,1,1,0,0,0,"","60",8,4,2,0,1,0,0,2,0,1,13,9,4,5,9,4,-1,-1,51,49,1.76,1.48,0.84,34,34,0,0,0,0,34,17,34,8.50,4.50,1.83,3.15,4.50,0.00,0.00,0.00,0.00,2.35,1.59,Busan Gudeok Stadium
1523174400,Apr 08 2018 - 8:00am,complete,551,Seoul E-Land,Seongnam,N/A,6,0.67,2.00,1.06,1.83,1,1,2,2,1,1,"10","45'1",3,4,2,0,1,0,0,2,1,0,9,10,2,5,7,5,-1,-1,48,52,1.17,1.67,3.42,84,84,59,59,42,42,84,59,84,2.00,4.50,4.25,3.25,1.83,0.00,0.00,0.00,0.00,2.15,1.71,Seoul Olympic Stadium (Seoul)
1523685600,Apr 14 2018 - 6:00am,complete,N/A,Daejeon Citizen,Asan Mugunghwa,N/A,7,1.00,0.00,1.42,1.89,1,2,3,2,1,1,"33","23,83",5,5,-1,-1,-1,-1,-1,-1,-1,-1,8,15,4,8,4,7,-1,-1,48,52,1.35,2.20,1.34,17,17,17,0,0,17,59,0,59,9.17,6.67,2.95,3.15,2.30,1.36,2.15,3.95,0.00,2.00,1.83,Daejeon World Cup Stadium
1523685600,Apr 14 2018 - 6:00am,complete,N/A,Gwangju,Ansan Greeners,N/A,7,0.33,0.67,1.28,0.72,0,0,0,0,0,0,"","",-1,-1,-1,-1,-1,-1,-1,-1,-1,-1,-1,-1,-1,-1,-1,-1,-1,-1,-1,-1,0.00,0.00,1.17,33,33,17,0,0,0,0,33,67,9.00,3.50,2.45,3.05,2.85,1.43,2.35,4.40,0.00,2.10,1.74,Gwangju World Cup Stadium
1523692800,Apr 14 2018 - 8:00am,complete,N/A,Seoul E-Land,Anyang,N/A,7,0.75,0.67,1.06,0.89,1,0,1,1,1,0,"18","",3,4,-1,-1,-1,-1,-1,-1,-1,-1,6,13,4,8,2,5,-1,-1,49,51,1.19,2.08,2.34,71,71,42,25,13,25,71,42,59,5.50,4.67,2.20,3.20,3.15,1.38,2.15,4.05,0.00,2.00,1.80,Seoul Olympic Stadium (Seoul)
1523768400,Apr 15 2018 - 5:00am,complete,N/A,Seongnam,Bucheon 1995,N/A,7,1.67,2.50,1.78,1.33,2,1,3,1,1,0,"4,66","73",9,3,-1,-1,-1,-1,-1,-1,-1,-1,11,10,5,6,6,4,-1,-1,52,48,1.65,1.63,2.00,34,42,42,17,17,25,42,34,58,8.83,3.60,2.65,3.10,2.55,1.38,2.15,4.05,0.00,2.00,1.83,Seongnam Tancheon Sports Complex
1523772000,Apr 15 2018 - 6:00am,complete,1807,Suwon,Busan I'Park,N/A,7,1.00,2.00,1.22,1.72,1,0,1,0,0,0,"72","",2,3,1,1,2,0,1,1,1,1,8,16,5,11,3,5,-1,-1,50,50,1.37,2.40,2.42,42,42,42,42,17,17,100,42,42,5.50,4.17,3.05,3.00,2.35,1.43,2.35,4.40,0.00,2.10,1.74,Suwon Civil Stadium
1524286800,Apr 21 2018 - 5:00am,complete,N/A,Busan I'Park,Anyang,N/A,8,1.25,0.50,1.47,0.89,3,0,3,1,1,0,"27,61,85","",2,2,-1,-1,-1,-1,-1,-1,-1,-1,15,2,7,0,8,2,-1,-1,50,50,1.86,0.44,1.50,50,50,13,0,0,0,63,25,63,7.83,4.67,0.00,0.00,0.00,0.00,0.00,0.00,0.00,0.00,0.00,Busan Gudeok Stadium
1524290400,Apr 21 2018 - 6:00am,complete,N/A,Daejeon Citizen,Seongnam,N/A,8,0.75,1.67,1.42,1.83,1,2,3,1,0,1,"58","27,87",6,4,-1,-1,-1,-1,-1,-1,-1,-1,18,9,4,7,14,2,-1,-1,51,49,2.00,1.49,2.50,75,75,42,17,17,59,88,17,71,6.00,5.00,3.65,3.25,2.00,1.41,2.25,4.25,0.00,2.10,1.71,Daejeon World Cup Stadium
1524290400,Apr 21 2018 - 6:00am,complete,N/A,Gwangju,Suwon,N/A,8,0.50,1.00,1.28,1.11,5,0,5,4,4,0,"7,34,41,45'3,51","",4,1,-1,-1,-1,-1,-1,-1,-1,-1,9,6,8,3,1,3,-1,-1,52,48,1.42,0.70,1.17,13,29,13,0,0,0,50,13,42,14.67,2.50,2.45,2.90,2.95,1.53,2.65,5.25,0.00,2.30,1.62,Gwangju World Cup Stadium
1524376800,Apr 22 2018 - 6:00am,complete,1518,Ansan Greeners,Bucheon 1995,N/A,8,3.00,2.14,1.44,1.33,3,1,4,2,1,1,"45,49,70","10",7,7,0,0,1,0,0,0,0,1,16,12,7,7,9,5,-1,-1,49,51,1.97,1.80,3.29,69,77,77,31,31,38,93,69,77,7.08,5.10,3.20,3.10,2.20,1.35,2.10,3.80,0.00,1.95,1.87,Ansan Wa~ Stadium
1524384000,Apr 22 2018 - 8:00am,complete,421,Seoul E-Land,Asan Mugunghwa,N/A,8,1.20,1.00,1.06,1.89,0,0,0,0,0,0,"","",2,9,3,0,3,0,1,2,1,2,9,12,3,3,6,9,-1,-1,49,51,1.12,1.61,2.14,47,47,37,20,10,37,74,20,54,8.00,5.67,4.15,3.35,1.83,1.37,2.15,3.95,0.00,2.10,1.74,Seoul Olympic Stadium (Seoul)
1524895200,Apr 28 2018 - 6:00am,complete,N/A,Anyang,Seongnam,N/A,9,0.33,2.00,1.56,1.83,2,3,5,2,1,1,"24,63","34,82,86",2,4,-1,-1,-1,-1,-1,-1,-1,-1,12,9,4,6,8,3,-1,-1,48,52,1.32,1.42,2.50,67,84,42,13,13,25,100,42,71,7.17,4.33,4.70,3.45,1.71,0.00,0.00,0.00,0.00,2.10,1.71,Anyang Stadium
1524909600,Apr 28 2018 - 10:00am,complete,N/A,Bucheon 1995,Busan I'Park,N/A,9,0.00,1.33,0.83,1.72,1,0,1,1,1,0,"22","",2,6,-1,-1,-1,-1,-1,-1,-1,-1,9,13,2,4,7,9,-1,-1,50,50,1.05,1.61,1.00,17,17,17,17,0,0,34,17,34,3.00,2.33,2.25,3.15,3.05,0.00,0.00,0.00,0.00,1.95,1.87,Bucheon Stadium
1524985200,Apr 29 2018 - 7:00am,complete,2375,Suwon,Daejeon Citizen,N/A,9,1.50,1.33,1.22,1.53,1,2,3,0,0,0,"90'4","48,53",2,5,4,0,2,0,2,2,1,1,8,17,4,9,4,8,-1,-1,50,50,1.17,2.14,2.34,46,46,29,29,29,29,71,29,75,7.00,2.25,2.00,3.30,3.45,0.00,0.00,0.00,0.00,1.83,1.95,Suwon Civil Stadium
1524988800,Apr 29 2018 - 8:00am,complete,505,Seoul E-Land,Ansan Greeners,N/A,9,1.17,0.75,1.06,0.72,2,1,3,1,0,1,"78,90'4","12",3,1,1,1,0,0,0,2,0,0,11,18,5,6,6,12,-1,-1,52,48,1.61,1.97,1.46,38,38,17,17,9,17,34,29,42,4.50,4.75,3.15,3.15,2.20,0.00,0.00,0.00,0.00,2.00,1.80,Seoul Olympic Stadium (Seoul)
1524988800,Apr 29 2018 - 8:00am,complete,973,Asan Mugunghwa,Gwangju,N/A,9,2.50,1.67,2.11,1.32,1,2,3,3,1,2,"43","22,29",8,4,4,0,2,0,1,3,0,2,12,10,4,6,8,4,-1,-1,52,48,1.63,1.38,1.54,25,38,13,13,13,13,38,13,67,9.83,3.33,1.87,3.30,3.95,0.00,0.00,0.00,0.00,2.15,1.71,Yishunsin Stadium (Asan)
1525582800,May 06 2018 - 5:00am,complete,1522,Seongnam,Suwon,N/A,10,2.00,0.75,1.78,1.11,2,1,3,1,0,1,"70,90","30",7,4,2,0,2,0,0,2,0,2,23,8,13,2,10,6,-1,-1,53,47,2.83,0.89,1.63,13,38,25,13,13,13,63,13,50,11.33,3.00,1.54,3.70,5.95,0.00,0.00,0.00,0.00,2.25,1.65,Seongnam Tancheon Sports Complex
1525586400,May 06 2018 - 6:00am,complete,1056,Ansan Greeners,Busan I'Park,N/A,10,3.00,1.00,1.44,1.72,1,3,4,0,0,0,"89","59,65,76",3,1,2,0,2,0,1,1,0,2,9,13,3,7,6,6,-1,-1,48,52,1.12,1.69,2.50,50,50,50,38,13,25,88,50,63,7.50,4.66,2.90,3.10,2.40,0.00,0.00,0.00,0.00,2.05,1.77,Ansan Wa~ Stadium
1525586400,May 06 2018 - 6:00am,complete,1257,Anyang,Asan Mugunghwa,N/A,10,0.25,1.00,1.56,1.89,0,3,3,1,0,1,"","10,84,90'2",9,5,1,0,1,0,1,0,1,0,10,10,4,6,6,4,-1,-1,47,53,1.36,1.50,2.00,38,50,38,13,13,25,75,25,63,9.92,6.00,4.00,3.35,1.87,0.00,0.00,0.00,0.00,1.95,1.87,Anyang Stadium
1525597200,May 06 2018 - 9:00am,complete,1277,Bucheon 1995,Gwangju,N/A,10,3.00,2.00,0.83,1.32,1,0,1,0,0,0,"60","",5,9,1,0,2,0,1,0,1,1,2,0,2,0,0,0,-1,-1,52,48,0.00,0.00,1.00,13,13,13,0,0,13,63,0,13,7.75,1.50,2.00,3.25,3.50,0.00,0.00,0.00,0.00,1.95,1.87,Bucheon Stadium
1526104800,May 12 2018 - 6:00am,complete,956,Daejeon Citizen,Anyang,N/A,11,0.60,0.40,1.42,0.89,3,2,5,2,2,0,"29,45'1,49","46,90'2",5,8,4,0,2,0,0,4,1,1,13,14,8,8,5,6,-1,-1,48,52,1.81,2.07,2.00,50,60,50,0,0,20,80,30,70,7.40,5.67,2.00,3.35,3.55,1.30,1.95,3.45,0.00,1.87,1.95,Daejeon World Cup Stadium
1526104800,May 12 2018 - 6:00am,complete,1002,Gwangju,Seongnam,N/A,11,1.00,2.20,1.28,1.83,1,3,4,2,0,2,"77","25,39,71",2,6,0,0,2,0,0,0,2,0,10,16,4,8,6,8,-1,-1,51,49,1.23,1.98,2.60,60,70,50,30,30,40,60,40,70,8.50,2.83,3.10,3.20,2.20,1.36,2.10,3.90,0.00,1.95,1.83,Gwangju World Cup Stadium
1526187600,May 13 2018 - 5:00am,complete,2113,Busan I'Park,Seoul E-Land,N/A,11,1.60,0.00,1.47,1.00,2,0,2,1,1,0,"20,51","",8,5,1,0,1,0,1,0,0,1,16,7,9,4,7,3,-1,-1,53,47,2.09,1.11,1.40,20,30,10,0,0,0,55,20,65,5.67,6.67,1.61,3.90,4.90,1.29,1.91,3.30,0.00,2.00,1.80,Busan Gudeok Stadium
1526293800,May 14 2018 - 10:30am,complete,1093,Suwon,Ansan Greeners,N/A,11,1.20,0.60,1.22,0.72,1,0,1,1,1,0,"34","",7,5,2,0,1,0,1,1,0,1,16,12,7,2,9,10,-1,-1,50,50,1.93,1.31,1.70,40,40,30,10,10,10,40,40,60,3.75,3.53,2.40,3.05,2.85,1.34,2.10,3.80,0.00,1.95,1.87,Suwon Civil Stadium
1526293800,May 14 2018 - 10:30am,complete,822,Bucheon 1995,Asan Mugunghwa,N/A,11,3.00,1.40,0.83,1.89,0,1,1,1,0,1,"","21",8,8,3,0,1,0,1,2,0,1,12,12,4,3,8,9,-1,-1,48,52,1.47,1.47,1.30,10,20,20,0,0,10,55,10,55,9.50,3.33,2.45,3.20,2.75,1.29,1.91,3.30,0.00,1.77,2.05,Bucheon Stadium
1526724000,May 19 2018 - 10:00am,complete,1311,Bucheon 1995,Seoul E-Land,N/A,12,2.00,0.00,0.83,1.00,0,3,3,0,0,0,"","64,80,81",5,3,1,0,1,0,1,0,1,0,11,14,3,6,8,8,-1,-1,53,47,1.32,1.56,1.17,0,17,0,0,0,0,67,0,50,8.50,5.00,1.67,3.70,4.65,1.22,1.74,2.85,0.00,1.77,2.05,Bucheon Stadium
1526724000,May 19 2018 - 10:00am,complete,1427,Asan Mugunghwa,Daejeon Citizen,N/A,12,2.00,1.75,2.11,1.53,0,1,1,0,0,0,"","49",7,5,1,0,3,0,0,1,1,2,11,9,6,5,5,4,-1,-1,52,48,1.79,1.24,2.78,68,78,45,23,23,33,65,35,90,9.15,3.40,1.74,3.60,4.30,1.24,1.77,2.95,0.00,1.80,2.00,Yishunsin Stadium (Asan)
1526806800,May 20 2018 - 9:00am,complete,1976,Anyang,Gwangju,N/A,12,0.20,1.60,1.56,1.32,3,2,5,1,0,1,"49,51,71","21,74",2,6,1,0,1,1,0,1,1,1,13,10,10,4,3,6,-1,-1,51,49,1.83,1.35,1.90,30,50,40,10,10,20,60,30,60,11.40,3.93,3.45,3.30,2.00,1.33,2.05,3.70,0.00,1.95,1.87,Anyang Stadium
1526898600,May 21 2018 - 10:30am,complete,2273,Ansan Greeners,Seongnam,N/A,12,2.40,2.33,1.44,1.83,2,1,3,0,0,0,"51,64","90'3",2,7,2,0,0,0,2,0,0,0,10,16,5,5,5,11,-1,-1,49,51,1.46,2.05,3.45,90,90,74,55,27,54,90,74,82,7.00,3.75,3.90,3.20,1.91,1.38,2.15,4.00,0.00,2.05,1.77,Ansan Wa~ Stadium
1526898600,May 21 2018 - 10:30am,complete,1899,Busan I'Park,Suwon,N/A,12,1.83,0.60,1.47,1.11,1,1,2,1,0,1,"49","34",11,7,3,0,2,0,0,3,0,2,12,8,6,3,6,5,-1,-1,52,48,1.59,1.25,2.12,27,64,29,10,10,10,84,27,72,10.35,3.75,1.77,3.45,4.30,1.33,2.05,3.65,0.00,2.00,1.83,Busan Gudeok Stadium
1527325200,May 26 2018 - 9:00am,complete,2221,Suwon,Gwangju,N/A,13,1.50,1.33,1.22,1.32,0,1,1,0,0,0,"","68",3,6,2,0,0,0,0,2,0,0,12,8,5,5,7,3,-1,-1,53,47,1.56,1.25,1.84,33,33,33,17,17,17,50,25,50,9.53,3.84,2.65,3.10,2.60,1.33,2.05,3.70,0.00,1.91,1.91,Suwon Civil Stadium
1527328800,May 26 2018 - 10:00am,complete,2532,Seongnam,Daejeon Citizen,N/A,13,2.20,2.00,1.78,1.53,4,2,6,2,1,1,"5,46,59,66","21,86",7,3,1,0,1,0,1,0,1,0,15,12,7,5,8,7,-1,-1,53,47,1.89,1.63,1.90,50,50,40,10,10,10,40,40,80,10.55,3.50,1.65,3.55,5.05,1.31,2.00,3.50,0.00,2.05,1.77,Seongnam Tancheon Sports Complex
1527411600,May 27 2018 - 9:00am,complete,1040,Bucheon 1995,Ansan Greeners,N/A,13,1.50,0.50,0.83,0.72,1,1,2,1,0,1,"60","21",5,8,1,0,1,0,0,1,0,1,12,16,5,6,7,10,-1,-1,47,53,1.60,1.92,1.34,17,29,21,0,0,0,42,29,50,7.67,2.92,1.87,3.30,4.05,1.34,2.10,3.80,0.00,2.00,1.80,Bucheon Stadium
1527503400,May 28 2018 - 10:30am,complete,515,Anyang,Seoul E-Land,N/A,13,0.67,0.75,1.56,1.00,2,0,2,0,0,0,"62,90'4","",2,3,3,1,3,0,3,1,1,2,11,10,6,7,5,3,-1,-1,49,51,1.52,1.62,2.46,25,67,46,17,17,9,75,46,79,7.73,4.50,2.55,3.10,2.70,1.33,2.05,3.70,0.00,1.91,1.91,Anyang Stadium
1527503400,May 28 2018 - 10:30am,complete,907,Asan Mugunghwa,Busan I'Park,N/A,13,1.67,1.40,2.11,1.72,1,1,2,0,0,0,"53","90'2",3,5,4,0,3,0,2,2,2,1,18,10,7,8,11,2,-1,-1,51,49,2.21,1.60,2.35,45,54,37,29,9,17,64,29,72,8.08,4.42,2.65,2.95,2.70,1.49,2.50,4.85,0.00,2.20,1.69,Yishunsin Stadium (Asan)
1527930000,Jun 02 2018 - 9:00am,complete,1553,Suwon,Asan Mugunghwa,N/A,14,1.29,1.67,1.22,1.89,0,2,2,1,0,1,"","43,48",7,7,5,0,1,1,1,4,0,2,7,11,3,6,4,5,-1,-1,51,49,1.10,1.57,1.68,23,31,31,7,7,16,62,23,54,9.50,4.14,3.40,3.15,2.10,1.38,2.20,4.10,0.00,2.05,1.77,Suwon Civil Stadium
1527933600,Jun 02 2018 - 10:00am,complete,2343,Seongnam,Anyang,N/A,14,2.33,0.33,1.78,0.89,1,1,2,0,0,0,"54","82",4,2,3,0,1,0,2,1,0,1,17,9,4,5,13,4,-1,-1,50,50,1.88,1.34,2.25,50,59,50,17,17,17,67,50,67,10.00,3.75,1.40,4.15,7.25,1.27,1.87,3.20,0.00,2.10,1.71,Seongnam Tancheon Sports Complex
1527933600,Jun 02 2018 - 10:00am,complete,1198,Bucheon 1995,Busan I'Park,N/A,14,1.40,1.33,0.83,1.72,0,0,0,0,0,0,"","",3,8,2,0,2,0,1,1,1,1,14,18,4,7,10,11,-1,-1,52,48,1.60,2.16,1.89,35,45,27,17,0,0,55,35,64,8.60,3.90,2.70,3.15,2.50,1.32,2.00,3.60,0.00,1.91,1.91,Bucheon Stadium
1528020000,Jun 03 2018 - 10:00am,complete,1651,Ansan Greeners,Seoul E-Land,N/A,14,2.50,0.60,1.44,1.00,0,2,2,1,0,1,"","40,89",5,1,2,0,2,0,2,0,1,1,14,8,5,3,9,5,-1,-1,52,48,2.07,1.09,2.57,42,72,52,25,9,17,54,62,82,6.42,4.80,2.15,3.25,3.15,1.29,1.95,3.35,0.00,1.83,2.00,Ansan Wa~ Stadium
1528020000,Jun 03 2018 - 10:00am,complete,1301,Daejeon Citizen,Gwangju,N/A,14,1.00,1.57,1.42,1.32,1,2,3,0,0,0,"84","90'1,90'3",5,7,2,1,0,0,0,3,0,0,11,15,7,6,4,9,-1,-1,47,53,1.59,1.89,2.12,48,48,48,16,16,32,56,24,70,10.79,5.18,2.45,3.20,2.75,1.31,2.00,3.50,0.00,1.87,1.95,Daejeon World Cup Stadium
1528275600,Jun 06 2018 - 9:00am,complete,N/A,Anyang,Busan I'Park,N/A,15,1.00,1.29,1.56,1.72,2,2,4,2,1,1,"36,82","45'2,67",2,6,-1,-1,-1,-1,-1,-1,-1,-1,4,14,3,5,1,9,-1,-1,50,50,0.84,1.76,2.43,43,65,43,29,15,7,65,57,72,8.33,4.73,4.25,3.55,1.74,1.36,2.15,3.95,0.00,2.10,1.74,Anyang Stadium
1528275600,Jun 06 2018 - 9:00am,complete,N/A,Bucheon 1995,Suwon,N/A,15,1.33,0.67,0.83,1.11,4,1,5,3,2,1,"1,42,65,90'4","23",10,6,-1,-1,-1,-1,-1,-1,-1,-1,22,16,6,6,16,10,-1,-1,53,47,2.35,1.87,1.83,25,50,25,9,9,9,75,17,59,10.50,3.27,1.38,4.40,7.00,1.29,1.91,3.30,0.00,2.20,1.69,Bucheon Stadium
1528279200,Jun 06 2018 - 10:00am,complete,1252,Asan Mugunghwa,Seongnam,N/A,15,1.57,2.00,2.11,1.83,4,2,6,2,1,1,"37,46,52,71","2,89",4,10,4,0,2,0,2,2,2,0,13,21,8,7,5,14,-1,-1,48,52,1.93,2.27,2.93,79,86,50,29,22,43,72,50,86,8.74,3.63,2.90,3.05,2.40,1.41,2.25,4.25,0.00,2.05,1.77,Yishunsin Stadium (Asan)
1528279200,Jun 06 2018 - 10:00am,complete,1359,Daejeon Citizen,Ansan Greeners,N/A,15,0.86,0.57,1.42,0.72,1,1,2,1,1,0,"37","61",7,6,0,0,0,1,0,0,0,1,9,13,4,7,5,6,-1,-1,48,52,1.37,1.78,2.00,57,57,43,7,7,22,57,36,72,8.57,5.00,2.90,3.10,2.35,1.36,2.10,3.90,0.00,1.95,1.87,Daejeon World Cup Stadium
1528538400,Jun 09 2018 - 10:00am,complete,1484,Asan Mugunghwa,Seoul E-Land,N/A,16,1.75,1.00,2.11,1.00,3,0,3,2,2,0,"37,40,70","",4,1,4,0,2,0,1,3,2,0,14,6,6,3,8,3,-1,-1,52,48,1.57,0.84,2.36,32,71,28,13,13,19,57,36,86,7.30,5.13,1.71,3.60,4.50,1.27,1.87,3.20,0.00,1.87,1.95,Yishunsin Stadium (Asan)
1528538400,Jun 09 2018 - 10:00am,complete,1347,Ansan Greeners,Gwangju,N/A,16,2.14,1.75,1.44,1.32,2,0,2,1,1,0,"20,70","",1,5,3,0,3,0,2,1,1,2,12,10,4,3,8,7,-1,-1,47,53,1.21,1.21,2.45,55,62,55,28,14,21,48,48,75,9.81,3.42,2.70,3.15,2.50,1.34,2.05,3.75,0.00,1.91,1.91,Ansan Wa~ Stadium
1528538400,Jun 09 2018 - 10:00am,complete,1082,Bucheon 1995,Daejeon Citizen,N/A,16,1.57,1.67,0.83,1.53,0,2,2,2,0,2,"","1,41",5,1,1,0,3,0,1,0,2,1,16,10,6,3,10,7,-1,-1,52,48,1.95,1.17,2.43,48,55,40,24,24,24,54,40,79,9.93,3.00,1.57,3.90,5.15,1.19,1.65,2.65,0.00,1.74,2.10,Bucheon Stadium
1528621200,Jun 10 2018 - 9:00am,complete,2328,Suwon,Anyang,N/A,16,1.13,0.43,1.22,0.89,1,0,1,1,1,0,"13","",2,3,2,0,1,0,1,1,0,1,11,11,4,4,7,7,-1,-1,52,48,1.27,1.36,2.09,41,55,34,14,14,14,67,41,67,7.38,4.30,2.00,3.50,3.35,1.29,1.91,3.30,0.00,1.83,2.00,Suwon Civil Stadium
1528624800,Jun 10 2018 - 10:00am,complete,2619,Seongnam,Busan I'Park,N/A,16,2.14,1.25,1.78,1.72,0,1,1,0,0,0,"","81",8,4,1,0,1,0,0,1,0,1,15,13,7,5,8,8,-1,-1,48,52,2.00,1.62,2.14,54,54,41,26,7,14,47,54,67,10.24,4.33,2.30,3.15,2.95,1.43,2.35,4.40,0.00,2.10,1.74,Seongnam Tancheon Sports Complex
1530352800,Jun 30 2018 - 10:00am,complete,966,Bucheon 1995,Seongnam,N/A,17,1.38,1.75,0.83,1.83,1,2,3,0,0,0,"64","66,70",7,8,-1,-1,-1,-1,-1,-1,-1,-1,14,16,4,3,10,13,-1,-1,47,53,1.80,1.72,2.82,63,75,50,32,26,44,76,50,69,10.38,2.83,2.70,3.20,2.50,1.29,1.95,3.35,0.00,1.83,2.00,Bucheon Stadium
1530352800,Jun 30 2018 - 10:00am,complete,1257,Seoul E-Land,Suwon,N/A,17,1.43,0.57,1.06,1.11,0,1,1,0,0,0,"","81",4,6,2,0,0,0,1,1,0,0,10,15,4,6,6,9,-1,-1,51,49,1.22,1.90,2.50,50,64,43,29,22,29,86,36,57,8.46,4.47,2.15,3.15,3.30,1.36,2.15,3.95,0.00,2.00,1.83,Seoul Olympic Stadium (Seoul)
1530352800,Jun 30 2018 - 10:00am,complete,1123,Anyang,Ansan Greeners,N/A,17,1.00,0.63,1.56,0.72,1,0,1,0,0,0,"78","",4,4,0,0,2,0,0,0,1,1,16,11,7,3,9,8,-1,-1,47,53,1.91,1.49,2.26,50,69,38,19,13,13,69,50,76,8.11,3.73,2.85,3.15,2.40,1.35,2.10,3.80,0.00,1.95,1.87,Anyang Stadium
1530439200,Jul 01 2018 - 10:00am,complete,526,Gwangju,Asan Mugunghwa,N/A,17,0.83,1.86,1.28,1.89,2,2,4,1,0,1,"55,90'2","26,57",7,7,1,0,2,0,0,1,0,2,15,18,6,9,9,9,-1,-1,49,51,1.79,2.22,1.87,24,47,40,17,9,24,52,24,62,10.76,3.00,3.15,3.10,2.25,1.37,2.15,3.95,0.00,2.00,1.83,Gwangju World Cup Stadium
1530439200,Jul 01 2018 - 10:00am,complete,1034,Busan I'Park,Daejeon Citizen,N/A,17,1.71,1.86,1.47,1.53,3,3,6,3,1,2,"38,47,90'6","4,34,80",3,1,2,0,2,0,0,2,0,2,24,6,12,4,12,2,-1,-1,49,51,3.02,0.91,2.36,50,71,29,15,15,22,64,36,86,10.00,4.07,1.77,3.40,4.40,1.29,1.95,3.35,0.00,1.91,1.91,Busan Gudeok Stadium
1530702000,Jul 04 2018 - 11:00am,complete,5439,Gwangju,Seoul E-Land,N/A,15,0.86,0.86,1.28,1.00,3,0,3,1,1,0,"15,57,72","",9,3,2,0,1,0,0,2,0,1,11,10,6,0,5,10,-1,-1,50,50,1.63,0.93,2.22,22,64,43,22,7,22,50,36,79,7.50,3.43,2.00,3.20,3.60,1.36,2.10,3.90,0.00,2.00,1.83,Gwangju World Cup Stadium
1530957600,Jul 07 2018 - 10:00am,complete,3236,Seongnam,Seoul E-Land,N/A,18,1.88,0.75,1.78,1.00,1,1,2,1,0,1,"66","25",10,5,3,0,1,0,3,0,1,0,20,7,5,2,15,5,-1,-1,48,52,2.44,0.98,2.07,25,63,38,7,7,13,51,44,82,8.57,4.08,1.48,3.80,6.50,1.29,1.91,3.30,0.00,2.05,1.77,Seongnam Tancheon Sports Complex
1530957600,Jul 07 2018 - 10:00am,complete,1901,Ansan Greeners,Asan Mugunghwa,N/A,18,2.25,1.75,1.44,1.89,0,2,2,1,0,1,"","21,80",6,4,1,0,2,0,0,1,2,0,18,12,6,4,12,8,-1,-1,47,53,2.06,1.49,2.44,44,69,51,26,7,19,75,44,76,9.63,4.29,3.30,3.20,2.10,1.32,2.00,3.60,0.00,1.91,1.91,Ansan Wa~ Stadium
1531040400,Jul 08 2018 - 9:00am,complete,942,Bucheon 1995,Anyang,N/A,18,1.22,0.38,0.83,0.89,1,2,3,2,1,1,"26","22,58",5,3,-1,-1,-1,-1,-1,-1,-1,-1,20,19,7,10,13,9,-1,-1,50,50,2.44,2.34,2.07,42,60,36,12,12,18,66,42,60,9.13,3.17,1.49,4.00,5.90,1.23,1.77,2.90,0.00,1.91,1.91,Bucheon Stadium
1531132200,Jul 09 2018 - 10:30am,complete,1012,Daejeon Citizen,Suwon,N/A,18,0.88,0.88,1.42,1.11,0,2,2,1,0,1,"","38,80",5,6,3,0,1,0,0,3,1,0,11,16,2,7,9,9,-1,-1,51,49,1.35,1.96,2.57,57,69,51,19,19,32,82,32,82,10.76,4.42,2.25,3.30,2.95,1.20,1.67,2.70,0.00,1.65,2.25,Daejeon World Cup Stadium
1531134000,Jul 09 2018 - 11:00am,complete,752,Gwangju,Busan I'Park,N/A,18,1.13,1.44,1.28,1.72,1,1,2,2,1,1,"39","20",5,7,2,0,1,0,0,2,0,1,12,17,7,8,5,9,-1,-1,49,51,1.81,2.13,2.25,41,54,48,36,7,18,47,47,71,10.30,3.34,3.30,3.15,2.15,1.36,2.10,3.90,0.00,2.00,1.83,Gwangju World Cup Stadium
1531562400,Jul 14 2018 - 10:00am,complete,2117,Busan I'Park,Bucheon 1995,N/A,19,1.63,1.88,1.47,1.33,1,2,3,0,0,0,"58","60,66",10,3,0,0,1,0,0,0,0,1,16,10,7,3,9,7,-1,-1,50,50,2.00,1.21,3.01,63,82,57,26,19,32,82,57,88,10.70,3.83,2.05,3.35,3.30,1.30,1.95,3.45,0.00,1.87,1.95,Busan Gudeok Stadium
1531562400,Jul 14 2018 - 10:00am,complete,3959,Asan Mugunghwa,Daejeon Citizen,N/A,19,1.89,1.75,2.11,1.53,2,2,4,1,1,0,"4,81","63,74",3,4,2,1,3,0,1,2,0,3,14,15,5,7,9,8,-1,-1,48,52,1.66,1.84,3.07,60,77,47,30,30,47,65,42,89,8.07,4.49,1.74,3.70,4.10,1.25,1.80,3.05,0.00,1.83,2.00,Yishunsin Stadium (Asan)
1531645200,Jul 15 2018 - 9:00am,complete,2138,Suwon,Gwangju,N/A,19,1.33,1.56,1.22,1.32,1,1,2,2,1,1,"18","1",5,4,2,0,2,0,0,2,0,2,21,15,12,4,9,11,-1,-1,51,49,2.68,1.73,1.78,28,39,28,11,11,11,50,22,62,9.72,3.88,2.50,3.15,2.75,1.36,2.10,3.90,0.00,1.95,1.87,Suwon Civil Stadium
1531738800,Jul 16 2018 - 11:00am,complete,1721,Seongnam,Anyang,N/A,19,1.78,0.67,1.78,0.89,1,0,1,1,1,0,"27","",5,4,0,0,1,0,0,0,0,1,12,12,6,3,6,9,-1,-1,48,52,1.65,1.47,2.11,56,62,39,11,11,17,61,44,73,10.00,3.67,1.77,3.45,4.25,1.31,2.00,3.50,0.00,1.95,1.83,Seongnam Tancheon Sports Complex
1531738800,Jul 16 2018 - 11:00am,complete,484,Seoul E-Land,Ansan Greeners,N/A,19,1.25,0.56,1.06,0.72,2,0,2,0,0,0,"53,59","",4,3,1,0,0,0,0,1,0,0,10,13,6,5,4,8,-1,-1,50,50,1.30,1.61,1.73,47,47,25,13,7,13,54,30,59,7.16,4.10,2.75,3.10,2.50,1.38,2.15,4.05,0.00,2.00,1.83,Seoul Olympic Stadium (Seoul)
1532163600,Jul 21 2018 - 9:00am,complete,N/A,Suwon,Asan Mugunghwa,N/A,20,1.30,1.89,1.22,1.89,0,1,1,0,0,0,"","72",5,4,-1,-1,-1,-1,-1,-1,-1,-1,5,10,2,4,3,6,-1,-1,50,50,0.91,1.43,1.85,26,48,27,11,5,16,74,21,59,9.89,4.40,3.25,3.10,2.20,1.32,2.00,3.60,0.00,1.87,1.95,Suwon Civil Stadium
1532167200,Jul 21 2018 - 10:00am,complete,N/A,Anyang,Seoul E-Land,N/A,20,1.22,0.78,1.56,1.00,1,0,1,0,0,0,"51","",5,4,-1,-1,-1,-1,-1,-1,-1,-1,5,5,3,0,2,5,-1,-1,51,49,0.87,0.64,2.50,28,78,45,17,11,17,73,50,89,6.63,4.11,2.10,3.35,3.25,1.32,2.00,3.60,0.00,1.91,1.91,Anyang Stadium
1532167200,Jul 21 2018 - 10:00am,complete,N/A,Bucheon 1995,Gwangju,N/A,20,1.10,1.50,0.83,1.32,0,1,1,0,0,0,"","90'2",1,5,-1,-1,-1,-1,-1,-1,-1,-1,11,18,3,6,8,12,-1,-1,49,51,1.34,2.14,1.95,40,55,35,10,10,25,50,25,60,11.50,3.00,2.00,3.35,3.40,1.33,2.05,3.70,0.00,1.95,1.87,Bucheon Stadium
1532253600,Jul 22 2018 - 10:00am,complete,N/A,Ansan Greeners,Busan I'Park,N/A,20,2.00,1.40,1.44,1.72,0,1,1,0,0,0,"","67",2,3,-1,-1,-1,-1,-1,-1,-1,-1,11,19,0,4,11,15,-1,-1,49,51,0.93,1.84,2.45,53,70,43,32,6,21,64,48,75,8.22,4.13,3.35,3.25,2.10,1.38,2.20,4.10,0.00,2.05,1.77,Ansan Wa~ Stadium
1532253600,Jul 22 2018 - 10:00am,complete,N/A,Daejeon Citizen,Seongnam,N/A,20,0.78,1.89,1.42,1.83,0,1,1,0,0,0,"","81",4,4,-1,-1,-1,-1,-1,-1,-1,-1,8,13,0,4,8,9,-1,-1,53,47,0.91,1.59,3.12,84,89,67,28,22,45,78,56,89,10.27,4.47,4.05,3.60,1.80,1.26,1.83,3.15,0.00,1.83,1.95,Daejeon World Cup Stadium
1532772000,Jul 28 2018 - 10:00am,complete,N/A,Seoul E-Land,Daejeon Citizen,N/A,21,1.44,1.67,1.06,1.53,1,0,1,0,0,0,"70","",3,5,-1,-1,-1,-1,-1,-1,-1,-1,12,15,8,3,4,12,-1,-1,50,50,1.64,1.69,2.72,56,67,45,33,22,33,62,50,73,6.67,4.31,2.65,3.10,2.55,1.32,2.00,3.60,0.00,1.87,1.91,Seoul Olympic Stadium (Seoul)
1532772000,Jul 28 2018 - 10:00am,complete,N/A,Gwangju,Seongnam,N/A,21,1.11,2.00,1.28,1.83,3,1,4,3,2,1,"24,25,87","16",3,6,-1,-1,-1,-1,-1,-1,-1,-1,21,17,7,5,14,12,-1,-1,53,47,2.27,2.00,2.92,67,79,63,37,21,42,63,57,79,10.89,2.66,3.20,3.05,2.25,1.38,2.15,4.00,0.00,2.00,1.80,Gwangju World Cup Stadium
1532858400,Jul 29 2018 - 10:00am,complete,N/A,Busan I'Park,Anyang,N/A,21,1.44,0.60,1.47,0.89,4,3,7,3,2,1,"6,14,50,84","34,53,65",8,4,-1,-1,-1,-1,-1,-1,-1,-1,19,9,11,7,8,2,-1,-1,50,50,2.49,1.42,2.27,53,69,37,11,11,16,74,42,75,9.70,3.57,1.87,3.30,3.90,1.31,2.00,3.50,0.00,1.91,1.87,Busan Gudeok Stadium
1532946600,Jul 30 2018 - 10:30am,complete,N/A,Ansan Greeners,Suwon,N/A,21,1.80,1.11,1.44,1.11,0,1,1,1,0,1,"","42",6,3,-1,-1,-1,-1,-1,-1,-1,-1,11,18,2,8,9,10,-1,-1,53,47,1.31,2.16,2.57,42,74,42,26,16,21,80,36,84,9.19,3.33,2.45,3.00,2.90,1.43,2.30,4.35,0.00,2.05,1.77,Ansan Wa~ Stadium
1532946600,Jul 30 2018 - 10:30am,complete,N/A,Asan Mugunghwa,Bucheon 1995,N/A,21,1.80,2.00,2.11,1.33,0,0,0,0,0,0,"","",5,3,-1,-1,-1,-1,-1,-1,-1,-1,18,13,2,5,16,8,-1,-1,47,53,1.92,1.46,3.28,69,85,70,32,21,42,74,59,90,9.13,4.23,1.91,3.50,3.55,1.24,1.80,3.00,0.00,1.77,2.05,Yishunsin Stadium (Asan)
1533380400,Aug 04 2018 - 11:00am,complete,N/A,Seongnam,Suwon,N/A,22,1.90,1.30,1.78,1.11,0,0,0,0,0,0,"","",7,4,-1,-1,-1,-1,-1,-1,-1,-1,15,9,4,5,11,4,-1,-1,49,51,1.77,1.35,2.10,40,55,30,15,15,15,70,30,70,11.93,2.95,1.71,3.40,4.75,1.31,2.00,3.50,0.00,1.95,1.83,Seongnam Tancheon Sports Complex
1533380400,Aug 04 2018 - 11:00am,complete,N/A,Bucheon 1995,Seoul E-Land,N/A,22,1.00,0.70,0.83,1.00,0,2,2,0,0,0,"","50,59",7,5,-1,-1,-1,-1,-1,-1,-1,-1,15,20,7,13,8,7,-1,-1,49,51,1.90,2.62,2.00,23,63,33,5,5,19,58,29,77,8.09,3.61,2.00,3.45,3.35,1.29,1.91,3.30,0.00,1.83,2.00,Bucheon Stadium
1533380400,Aug 04 2018 - 11:00am,complete,N/A,Daejeon Citizen,Gwangju,N/A,22,0.70,1.64,1.42,1.32,1,1,2,1,0,1,"84","19",6,3,-1,-1,-1,-1,-1,-1,-1,-1,15,11,7,6,8,5,-1,-1,52,48,2.10,1.61,2.07,48,58,39,10,10,24,53,24,77,10.71,4.64,3.20,3.25,2.15,1.30,1.95,3.45,0.00,1.87,1.95,Daejeon World Cup Stadium
1533466800,Aug 05 2018 - 11:00am,complete,1225,Anyang,Ansan Greeners,N/A,22,1.40,0.50,1.56,0.72,3,2,5,4,2,2,"13,35,90'2","20,24",4,7,0,0,2,0,0,0,0,2,16,16,6,7,10,9,-1,-1,50,50,1.89,2.11,2.05,40,60,30,15,10,10,55,45,80,8.03,3.25,2.25,3.20,3.00,1.34,2.10,3.80,0.00,1.95,1.87,Anyang Stadium
1533466800,Aug 05 2018 - 11:00am,complete,1005,Asan Mugunghwa,Busan I'Park,N/A,22,1.73,1.55,2.11,1.72,0,0,0,0,0,0,"","",2,5,3,1,0,0,3,1,0,0,6,20,0,5,6,15,-1,-1,48,52,0.68,2.12,2.32,50,59,36,27,9,27,55,36,73,8.96,4.80,2.45,3.10,2.85,1.38,2.20,4.10,0.00,2.00,1.80,Yishunsin Stadium (Asan)
1533981600,Aug 11 2018 - 10:00am,complete,N/A,Seoul E-Land,Busan I'Park,N/A,23,1.60,1.50,1.06,1.72,0,5,5,2,0,2,"","14,35,60,70,79",6,1,-1,-1,-1,-1,-1,-1,-1,-1,12,18,5,8,7,10,-1,-1,52,48,1.48,2.05,1.88,41,46,28,23,5,19,46,37,59,7.64,4.21,3.50,3.25,2.00,1.35,2.10,3.80,0.00,2.00,1.83,Seoul Olympic Stadium (Seoul)
1533981600,Aug 11 2018 - 10:00am,complete,N/A,Anyang,Daejeon Citizen,N/A,23,1.55,1.50,1.56,1.53,0,1,1,0,0,0,"","77",3,9,-1,-1,-1,-1,-1,-1,-1,-1,6,12,3,6,3,6,-1,-1,47,53,1.01,1.76,3.01,53,72,53,38,29,34,67,53,91,7.70,3.59,2.35,3.25,2.85,1.26,1.83,3.10,0.00,1.74,2.10,Anyang Stadium
1534068000,Aug 12 2018 - 10:00am,complete,1483,Ansan Greeners,Seongnam,N/A,23,1.64,1.82,1.44,1.83,0,1,1,1,0,1,"","32",2,7,1,0,0,0,1,0,0,0,19,8,7,3,12,5,-1,-1,51,49,2.25,1.22,3.00,68,82,59,36,18,37,73,55,87,8.85,3.46,3.65,3.20,2.00,1.34,2.05,3.75,0.00,1.95,1.87,Ansan Wa~ Stadium
1534156200,Aug 13 2018 - 10:30am,complete,1406,Suwon,Bucheon 1995,N/A,23,1.18,1.90,1.22,1.33,2,0,2,0,0,0,"53,80","",7,0,1,0,0,2,1,0,1,1,23,14,11,6,12,8,-1,-1,51,49,2.81,1.62,2.47,49,58,49,20,15,29,67,44,68,8.37,3.83,2.45,3.05,2.80,1.37,2.15,3.95,0.00,2.00,1.80,Suwon Civil Stadium
1534158000,Aug 13 2018 - 11:00am,complete,956,Gwangju,Asan Mugunghwa,N/A,23,1.30,2.00,1.28,1.89,1,1,2,2,1,1,"1","44",4,8,3,0,3,0,0,3,1,2,11,12,6,4,5,8,-1,-1,52,48,1.50,1.56,2.20,35,60,45,25,5,25,65,30,70,11.29,3.33,2.45,3.00,2.90,1.40,2.25,4.20,0.00,2.05,1.80,Gwangju World Cup Stadium
1534327200,Aug 15 2018 - 10:00am,complete,N/A,Seoul E-Land,Daejeon Citizen,N/A,10,1.45,1.64,1.06,1.53,0,2,2,0,0,0,"","48,90'2",7,7,-1,-1,-1,-1,-1,-1,-1,-1,5,9,3,3,2,6,-1,-1,52,48,0.99,1.30,2.59,46,60,41,32,23,32,55,45,78,7.60,4.31,2.45,3.20,2.75,1.34,2.05,3.75,0.00,1.91,1.91,Seoul Olympic Stadium (Seoul)
1534586400,Aug 18 2018 - 10:00am,complete,2052,Suwon,Anyang,N/A,24,1.33,0.55,1.22,0.89,3,0,3,2,2,0,"2,13,76","",6,7,0,0,1,0,0,0,1,0,15,17,7,5,8,12,-1,-1,51,49,1.88,1.96,2.15,40,53,31,13,13,22,70,35,61,7.69,3.84,2.00,3.05,3.85,1.31,2.00,3.50,0.00,1.91,1.91,Suwon Civil Stadium
1534586400,Aug 18 2018 - 10:00am,complete,1513,Ansan Greeners,Asan Mugunghwa,N/A,24,1.50,1.91,1.44,1.89,0,1,1,1,0,1,"","20",4,2,2,0,2,0,1,1,2,0,15,11,6,3,9,8,-1,-1,52,48,1.85,1.28,2.12,35,61,35,17,4,18,74,30,70,9.60,4.13,4.40,3.15,1.83,1.37,2.15,3.95,0.00,2.05,1.77,Ansan Wa~ Stadium
1534672800,Aug 19 2018 - 10:00am,complete,937,Gwangju,Seoul E-Land,N/A,24,1.27,0.91,1.28,1.00,2,2,4,1,0,1,"55,81","30,67",4,4,1,0,4,0,0,1,2,2,17,14,7,6,10,8,-1,-1,53,47,2.08,1.69,2.28,32,73,41,18,5,27,60,36,78,8.33,3.68,1.87,3.30,4.15,1.36,2.10,3.90,0.00,2.05,1.77,Gwangju World Cup Stadium
1534761000,Aug 20 2018 - 10:30am,complete,N/A,Busan I'Park,Seongnam,N/A,24,1.60,1.92,1.47,1.83,2,0,2,0,0,0,"65,85","",1,4,-1,-1,-1,-1,-1,-1,-1,-1,6,11,4,0,2,11,-1,-1,51,49,1.00,1.12,3.08,72,82,54,31,23,35,73,54,87,11.83,3.14,2.70,3.05,2.60,1.43,2.35,4.40,0.00,2.05,1.77,Busan Gudeok Stadium
1534761000,Aug 20 2018 - 10:30am,complete,N/A,Bucheon 1995,Daejeon Citizen,N/A,24,0.92,1.75,0.83,1.53,1,1,2,1,1,0,"30","61",2,3,-1,-1,-1,-1,-1,-1,-1,-1,5,9,2,4,3,5,-1,-1,53,47,0.95,1.33,2.42,42,63,38,21,17,29,50,42,80,9.75,3.38,2.80,3.15,2.40,1.34,2.10,3.80,0.00,1.95,1.87,Bucheon Stadium
1535191200,Aug 25 2018 - 10:00am,complete,1292,Asan Mugunghwa,Seoul E-Land,N/A,25,1.67,0.92,2.11,1.00,3,1,4,3,2,1,"41,45'1,61","45",5,6,-1,-1,-1,-1,-1,-1,-1,-1,20,7,7,4,13,3,-1,-1,53,47,2.40,1.07,2.34,34,71,38,17,9,21,58,38,84,7.44,5.21,1.56,3.75,5.75,1.31,2.00,3.50,0.00,2.10,1.74,Yishunsin Stadium (Asan)
1535191200,Aug 25 2018 - 10:00am,complete,1123,Busan I'Park,Suwon,N/A,25,1.73,1.27,1.47,1.11,0,1,1,1,0,1,"","15",8,3,1,0,3,0,0,1,1,2,20,11,8,3,12,8,-1,-1,53,47,2.51,1.41,2.46,41,69,32,18,18,18,73,37,78,11.23,3.20,2.00,3.25,3.55,1.32,2.00,3.55,0.00,1.91,1.91,Busan Gudeok Stadium
1535277600,Aug 26 2018 - 10:00am,complete,874,Daejeon Citizen,Ansan Greeners,N/A,25,0.73,0.45,1.42,0.72,1,0,1,0,0,0,"61","",4,4,4,0,2,0,2,2,0,2,11,12,5,3,6,9,-1,-1,51,49,1.54,1.34,2.05,55,64,32,9,9,18,59,27,82,9.41,4.47,2.20,3.20,3.10,1.32,2.00,3.60,0.00,1.91,1.91,Daejeon World Cup Stadium
1535365800,Aug 27 2018 - 10:30am,complete,N/A,Anyang,Gwangju,N/A,25,1.42,1.58,1.56,1.32,0,0,0,0,0,0,"","",6,7,-1,-1,-1,-1,-1,-1,-1,-1,13,15,4,7,9,8,-1,-1,47,53,1.57,2.03,2.25,42,59,38,21,17,21,55,34,80,9.49,3.21,3.10,3.25,2.20,1.32,2.00,3.55,0.00,1.91,1.91,Anyang Stadium
1535367600,Aug 27 2018 - 11:00am,complete,N/A,Seongnam,Bucheon 1995,N/A,25,1.82,1.73,1.78,1.33,2,1,3,1,1,0,"45,82","63",4,2,-1,-1,-1,-1,-1,-1,-1,-1,14,13,6,3,8,10,-1,-1,53,47,1.83,1.48,2.41,55,64,50,18,14,23,55,55,73,10.40,3.50,1.91,3.00,4.30,1.42,2.30,4.35,0.00,2.15,1.69,Seongnam Tancheon Sports Complex
1535796000,Sep 01 2018 - 10:00am,complete,484,Anyang,Asan Mugunghwa,N/A,26,1.38,2.00,1.56,1.89,3,0,3,1,1,0,"39,58,89","",2,7,3,0,4,0,1,2,2,2,8,15,5,3,3,12,-1,-1,49,51,1.31,1.85,2.15,32,56,36,20,12,20,69,32,72,9.83,3.82,4.70,3.50,1.69,1.34,2.10,3.80,0.00,2.10,1.74,Anyang Stadium
1535796000,Sep 01 2018 - 10:00am,complete,732,Gwangju,Busan I'Park,N/A,26,1.25,1.62,1.28,1.72,3,3,6,2,2,0,"26,36,90","67,76,84",3,3,3,0,1,0,1,2,1,0,9,13,8,8,1,5,-1,-1,49,51,1.45,1.75,2.34,48,61,45,37,8,33,57,40,65,9.33,3.28,2.90,2.85,2.55,1.41,2.25,4.25,0.00,2.05,1.80,Gwangju World Cup Stadium
1535878800,Sep 02 2018 - 9:00am,complete,868,Bucheon 1995,Ansan Greeners,N/A,26,0.92,0.42,0.83,0.72,1,2,3,1,1,0,"21","61,88",6,1,1,0,3,0,1,0,0,3,16,13,8,5,8,8,-1,-1,52,48,2.07,1.53,1.84,40,56,24,8,8,16,48,28,72,9.44,2.90,2.30,3.05,3.10,1.43,2.30,4.35,0.00,2.10,1.74,Bucheon Stadium
1535970600,Sep 03 2018 - 10:30am,complete,422,Daejeon Citizen,Suwon,N/A,26,0.92,1.42,1.42,1.11,1,0,1,1,1,0,"21","",6,4,1,0,1,0,0,1,1,0,12,9,7,3,5,6,-1,-1,49,51,1.72,1.34,2.13,42,59,34,13,13,21,75,21,75,10.08,4.75,2.85,2.85,2.60,1.38,2.20,4.10,0.00,1.91,1.91,Daejeon World Cup Stadium
1535972400,Sep 03 2018 - 11:00am,complete,368,Seoul E-Land,Seongnam,N/A,26,1.33,1.77,1.06,1.83,1,2,3,2,0,2,"74","29,39",4,12,3,0,2,0,1,2,0,2,14,15,3,8,11,7,-1,-1,48,52,1.42,2.09,2.70,55,72,48,32,20,36,60,56,76,9.03,3.57,4.30,3.30,1.80,1.34,2.10,3.80,0.00,2.05,1.77,Seoul Olympic Stadium (Seoul)
1536397200,Sep 08 2018 - 9:00am,complete,N/A,Suwon,Seoul E-Land,N/A,27,1.46,0.85,1.22,1.00,0,2,2,0,0,0,"","48,68",9,3,-1,-1,-1,-1,-1,-1,-1,-1,16,10,8,8,8,2,-1,-1,50,50,2.26,1.55,2.08,23,62,31,12,4,19,62,31,77,7.75,4.38,1.80,3.30,4.35,1.37,2.15,3.95,0.00,2.10,1.74,Suwon Civil Stadium
1536400800,Sep 08 2018 - 10:00am,complete,N/A,Seongnam,Asan Mugunghwa,N/A,27,1.92,1.85,1.78,1.89,1,1,2,2,1,1,"19","35",5,5,-1,-1,-1,-1,-1,-1,-1,-1,9,16,6,4,3,12,-1,-1,50,50,1.34,1.74,1.84,37,52,32,8,4,12,64,33,65,12.10,4.05,1.83,3.40,4.00,1.39,2.20,4.15,0.00,2.10,1.71,Seongnam Tancheon Sports Complex
1536400800,Sep 08 2018 - 10:00am,complete,N/A,Busan I'Park,Daejeon Citizen,N/A,27,1.58,1.69,1.47,1.53,1,2,3,0,0,0,"76","46,64",6,6,-1,-1,-1,-1,-1,-1,-1,-1,8,25,4,11,4,14,-1,-1,48,52,1.19,2.79,2.72,52,72,36,24,20,24,61,48,88,10.38,3.76,1.87,3.30,3.95,1.27,1.87,3.20,0.00,1.83,2.00,Busan Gudeok Stadium
1536483600,Sep 09 2018 - 9:00am,complete,513,Anyang,Bucheon 1995,N/A,27,1.50,1.58,1.56,1.33,3,1,4,2,2,0,"20,41,76","86",2,2,0,0,1,1,0,0,2,0,19,12,9,3,10,9,-1,-1,51,49,2.21,1.49,2.83,52,74,63,27,19,27,66,63,85,7.63,3.63,2.45,3.10,2.75,1.27,1.87,3.20,0.00,1.77,2.05,Anyang Stadium
1536487200,Sep 09 2018 - 10:00am,complete,2712,Ansan Greeners,Gwangju,N/A,27,1.38,1.54,1.44,1.32,3,2,5,2,1,1,"45'1,57,63","3,55",4,11,1,0,0,0,0,1,0,0,12,15,6,4,6,11,-1,-1,50,50,1.50,1.71,1.97,38,54,31,16,8,15,58,27,66,9.23,3.50,3.20,3.10,2.20,1.34,2.10,3.80,0.00,1.95,1.87,Ansan Wa~ Stadium
1537005600,Sep 15 2018 - 10:00am,complete,2302,Asan Mugunghwa,Gwangju,N/A,28,1.77,1.43,2.11,1.32,1,0,1,0,0,0,"60","",8,8,2,0,1,0,1,1,0,1,10,16,3,8,7,8,-1,-1,48,52,1.34,2.15,2.24,49,60,38,23,15,30,53,26,71,10.37,4.27,2.10,3.15,3.40,1.33,2.05,3.65,0.00,1.91,1.87,Yishunsin Stadium (Asan)
1537005600,Sep 15 2018 - 10:00am,complete,908,Anyang,Seongnam,N/A,28,1.60,1.86,1.56,1.83,1,1,2,2,1,1,"42","17",1,8,2,0,2,0,0,2,1,1,7,20,3,8,4,12,-1,-1,48,52,1.06,2.48,2.91,60,77,59,35,21,39,69,55,87,9.56,2.92,3.50,3.30,2.00,1.33,2.05,3.65,0.00,1.95,1.87,Anyang Stadium
1537005600,Sep 15 2018 - 10:00am,complete,2682,Daejeon Citizen,Seoul E-Land,N/A,28,1.08,1.00,1.42,1.00,1,0,1,1,1,0,"21","",3,2,1,0,2,0,0,1,2,0,19,9,8,4,11,5,-1,-1,53,47,2.14,1.30,2.22,38,71,37,11,4,19,63,33,89,8.38,5.30,2.00,3.20,3.65,1.33,2.05,3.70,0.00,1.95,1.87,Daejeon World Cup Stadium
1537088400,Sep 16 2018 - 9:00am,complete,1169,Suwon,Ansan Greeners,N/A,28,1.36,0.62,1.22,0.72,1,2,3,0,0,0,"64","77,78",7,9,2,1,1,0,2,1,0,1,13,20,3,6,10,14,-1,-1,49,51,1.43,2.19,1.82,34,52,22,8,8,15,52,30,71,8.72,3.63,2.00,3.15,3.75,1.38,2.20,4.10,0.00,2.05,1.77,Suwon Civil Stadium
1537092000,Sep 16 2018 - 10:00am,complete,4472,Busan I'Park,Bucheon 1995,N/A,28,1.46,1.46,1.47,1.33,1,1,2,1,0,1,"69","8",9,0,2,0,1,0,0,2,0,1,17,5,6,5,11,0,-1,-1,51,49,2.11,0.88,2.92,62,81,58,23,15,27,66,66,85,9.60,3.66,1.77,3.50,4.30,1.26,1.83,3.15,0.00,1.83,1.95,Busan Gudeok Stadium
1537592400,Sep 22 2018 - 5:00am,complete,1871,Seongnam,Ansan Greeners,N/A,29,1.85,0.79,1.78,0.72,1,1,2,0,0,0,"90'6","52",6,4,3,0,3,0,0,3,2,1,15,9,7,3,8,6,-1,-1,53,47,1.91,1.07,1.86,52,56,30,8,8,11,49,37,71,10.63,3.25,1.69,3.45,4.80,1.34,2.05,3.75,0.00,2.05,1.77,Seongnam Tancheon Sports Complex
1537596000,Sep 22 2018 - 6:00am,complete,458,Seoul E-Land,Bucheon 1995,N/A,29,1.23,1.43,1.06,1.33,0,1,1,1,0,1,"","35",4,1,2,1,0,1,2,1,0,1,15,9,6,3,9,6,-1,-1,50,50,2.12,1.20,2.69,55,74,55,26,15,34,63,59,78,7.00,4.20,2.75,3.15,2.45,1.30,1.95,3.45,0.00,1.83,2.00,Seoul Olympic Stadium (Seoul)
1537610400,Sep 22 2018 - 10:00am,complete,4158,Busan I'Park,Asan Mugunghwa,N/A,29,1.43,1.79,1.47,1.89,1,2,3,2,1,1,"2","4,71",1,2,2,0,2,0,1,1,1,1,8,9,3,4,5,5,-1,-1,51,49,1.18,1.31,2.25,43,68,33,11,7,18,72,36,72,12.11,4.19,2.35,3.05,2.95,1.35,2.10,3.80,0.00,1.95,1.87,Busan Gudeok Stadium
1537682400,Sep 23 2018 - 6:00am,complete,822,Gwangju,Daejeon Citizen,N/A,29,1.23,1.79,1.28,1.53,1,2,3,1,1,0,"39","90'2,90'4",3,3,2,0,3,0,1,1,1,2,12,16,6,8,6,8,-1,-1,53,47,1.61,1.89,2.86,60,74,53,38,18,38,60,48,81,9.30,3.55,2.40,3.05,2.90,1.34,2.10,3.80,0.00,1.95,1.87,Gwangju World Cup Stadium
1537682400,Sep 23 2018 - 6:00am,complete,526,Anyang,Suwon,N/A,29,1.56,1.31,1.56,1.11,3,1,4,2,1,1,"22,60,82","41",5,5,3,0,2,0,2,1,0,2,10,12,5,4,5,8,-1,-1,53,47,1.33,1.53,2.28,34,58,37,23,17,23,77,33,68,8.68,3.13,2.50,3.00,2.80,1.35,2.10,3.80,0.00,1.95,1.87,Anyang Stadium
1538200800,Sep 29 2018 - 6:00am,complete,N/A,Anyang,Busan I'Park,N/A,30,1.65,1.57,1.56,1.72,1,2,3,1,1,0,"43","48,80",3,5,-1,-1,-1,-1,-1,-1,-1,-1,8,12,4,8,4,4,-1,-1,48,52,1.10,1.90,2.50,45,61,45,36,16,32,61,48,73,7.86,3.52,2.95,3.10,2.35,1.30,1.95,3.40,0.00,1.83,1.95,Anyang Stadium
1538200800,Sep 29 2018 - 6:00am,complete,N/A,Ansan Greeners,Daejeon Citizen,N/A,30,1.50,1.87,1.44,1.53,1,1,2,1,1,0,"35","71",2,4,-1,-1,-1,-1,-1,-1,-1,-1,8,16,5,3,3,13,-1,-1,49,51,1.28,1.86,2.65,52,69,45,28,17,24,66,48,82,7.90,3.91,3.00,3.10,2.30,1.33,2.05,3.65,0.00,1.91,1.91,Ansan Wa~ Stadium
1538215200,Sep 29 2018 - 10:00am,complete,N/A,Asan Mugunghwa,Suwon,N/A,30,1.86,1.21,2.11,1.11,2,1,3,1,1,0,"21,58","75",2,8,-1,-1,-1,-1,-1,-1,-1,-1,9,20,5,7,4,13,-1,-1,47,53,1.13,2.31,2.29,40,57,36,25,14,29,72,25,68,9.64,4.33,1.83,3.15,4.40,1.39,2.20,4.15,0.00,2.15,1.71,Yishunsin Stadium (Asan)
1538287200,Sep 30 2018 - 6:00am,complete,720,Seoul E-Land,Gwangju,N/A,30,1.14,1.33,1.06,1.32,1,4,5,1,0,1,"87","17,62,65,90'1",4,1,1,0,0,0,1,0,0,0,13,18,5,11,8,7,-1,-1,47,53,1.63,2.36,2.01,38,52,32,17,14,25,49,32,66,10.02,3.89,3.20,3.10,2.20,1.34,2.05,3.70,0.00,1.95,1.87,Seoul Olympic Stadium (Seoul)
1538298000,Sep 30 2018 - 9:00am,complete,1307,Bucheon 1995,Seongnam,N/A,30,0.86,1.80,0.83,1.83,0,1,1,0,0,0,"","59",1,7,2,0,1,0,0,2,1,0,13,19,4,3,9,16,-1,-1,47,53,1.61,1.98,2.57,62,76,48,20,14,37,65,45,76,11.07,2.76,3.35,3.25,2.10,1.29,1.95,3.35,0.00,1.87,1.95,Bucheon Stadium
1538805600,Oct 06 2018 - 6:00am,complete,N/A,Ansan Greeners,Anyang,N/A,31,1.47,0.50,1.44,0.89,0,2,2,0,0,0,"","67,86",6,2,-1,-1,-1,-1,-1,-1,-1,-1,15,14,4,5,11,9,-1,-1,50,50,1.85,1.54,2.53,49,67,45,22,15,27,82,41,70,7.31,3.41,2.50,3.10,2.70,0.00,0.00,0.00,0.00,0.00,0.00,Ansan Wa~ Stadium
1538805600,Oct 06 2018 - 6:00am,complete,N/A,Daejeon Citizen,Asan Mugunghwa,N/A,31,1.21,1.87,1.42,1.89,2,1,3,1,0,1,"79,89","35",5,2,-1,-1,-1,-1,-1,-1,-1,-1,8,7,4,4,4,3,-1,-1,52,48,1.36,1.04,2.00,42,59,35,7,4,24,76,21,70,10.39,5.07,2.35,3.15,3.00,1.34,2.05,3.75,0.00,1.91,1.91,Daejeon World Cup Stadium
1538805600,Oct 06 2018 - 6:00am,complete,N/A,Gwangju,Bucheon 1995,N/A,31,1.14,1.53,1.28,1.33,1,1,2,0,0,0,"90'1","73",5,3,-1,-1,-1,-1,-1,-1,-1,-1,19,14,6,6,13,8,-1,-1,53,47,2.12,1.69,2.93,66,80,66,35,14,38,72,59,76,7.72,3.43,2.20,3.25,3.05,0.00,0.00,0.00,0.00,0.00,0.00,Gwangju World Cup Stadium
1538805600,Oct 06 2018 - 6:00am,complete,N/A,Suwon,Busan I'Park,N/A,31,1.27,1.67,1.22,1.72,0,3,3,2,0,2,"","5,44,62",9,3,-1,-1,-1,-1,-1,-1,-1,-1,16,13,4,9,12,4,-1,-1,53,47,1.90,1.84,2.13,37,53,34,20,10,24,53,40,67,9.08,3.93,3.30,3.10,2.15,0.00,0.00,0.00,0.00,0.00,0.00,Suwon Civil Stadium
1538888400,Oct 07 2018 - 5:00am,complete,2241,Seongnam,Seoul E-Land,N/A,31,1.79,0.93,1.78,1.00,1,2,3,0,0,0,"66","81,86",16,3,1,0,1,0,0,1,0,1,15,9,6,6,9,3,-1,-1,50,50,2.13,1.39,2.03,39,65,31,10,4,14,55,42,76,9.44,4.16,1.57,3.55,5.65,0.00,0.00,0.00,0.00,0.00,0.00,Seongnam Tancheon Sports Complex
1539406800,Oct 13 2018 - 5:00am,complete,N/A,Seongnam,Gwangju,N/A,32,1.67,1.44,1.78,1.32,2,2,4,4,2,2,"21,43","26,37",7,4,-1,-1,-1,-1,-1,-1,-1,-1,15,10,7,4,8,6,-1,-1,47,53,1.99,1.44,1.97,52,55,32,13,13,16,46,36,68,12.73,3.03,2.10,3.15,3.45,1.36,2.10,3.90,0.00,2.00,1.83,Seongnam Tancheon Sports Complex
1539410400,Oct 13 2018 - 6:00am,complete,N/A,Suwon,Daejeon Citizen,N/A,32,1.19,1.81,1.22,1.53,3,2,5,2,1,1,"25,71,90'1","32,75",4,6,-1,-1,-1,-1,-1,-1,-1,-1,8,12,4,5,4,7,-1,-1,48,52,1.24,1.69,2.38,44,66,38,16,13,25,56,41,82,9.45,4.23,3.20,3.10,2.20,1.35,2.10,3.80,0.00,1.95,1.87,Suwon Civil Stadium
1539414000,Oct 13 2018 - 7:00am,complete,N/A,Bucheon 1995,Anyang,N/A,32,0.80,0.69,0.83,0.89,0,1,1,1,0,1,"","31",2,4,-1,-1,-1,-1,-1,-1,-1,-1,6,12,2,6,4,6,-1,-1,47,53,1.14,1.79,2.27,43,65,40,11,11,26,65,40,71,8.55,3.00,2.25,3.10,3.10,1.28,1.91,3.25,0.00,1.80,2.05,Bucheon Stadium
1539493200,Oct 14 2018 - 5:00am,complete,3056,Busan I'Park,Seoul E-Land,N/A,32,1.33,1.06,1.47,1.00,3,1,4,3,3,0,"1,28,38","87",6,4,1,0,1,0,1,0,0,1,10,9,8,4,2,5,-1,-1,51,49,1.62,1.32,2.46,43,78,39,13,7,17,62,46,88,9.18,4.07,1.65,3.60,5.05,1.25,1.80,3.05,0.00,1.87,1.95,Busan Gudeok Stadium
1539504000,Oct 14 2018 - 8:00am,complete,1520,Asan Mugunghwa,Ansan Greeners,N/A,32,1.93,0.80,2.11,0.72,2,0,2,1,1,0,"41,74","",6,0,1,0,1,0,0,1,0,1,21,6,7,0,14,6,-1,-1,53,47,2.34,0.70,2.20,53,64,37,17,10,20,50,37,80,8.83,4.45,1.74,3.40,4.65,1.38,2.15,4.00,0.00,2.15,1.69,Yishunsin Stadium (Asan)
1540101600,Oct 21 2018 - 6:00am,complete,N/A,Gwangju,Suwon,N/A,33,1.13,1.13,1.28,1.11,0,2,2,0,0,0,"","79,90'1",1,1,-1,-1,-1,-1,-1,-1,-1,-1,13,10,4,5,9,5,-1,-1,51,49,1.58,1.35,2.50,50,67,47,30,13,30,77,40,67,10.00,3.20,2.20,3.10,3.25,1.34,2.05,3.70,0.00,1.95,1.87,Gwangju World Cup Stadium
1540101600,Oct 21 2018 - 6:00am,complete,N/A,Ansan Greeners,Bucheon 1995,N/A,33,1.38,1.50,1.44,1.33,3,1,4,1,1,0,"23,67,75","51",2,5,-1,-1,-1,-1,-1,-1,-1,-1,9,13,4,4,5,9,-1,-1,51,49,1.17,1.50,2.66,57,75,51,25,13,25,72,57,78,6.64,3.64,2.45,2.95,2.90,1.43,2.35,4.50,0.00,2.10,1.74,Ansan Wa~ Stadium
1540101600,Oct 21 2018 - 6:00am,complete,N/A,Seoul E-Land,Anyang,N/A,33,1.07,0.86,1.06,0.89,0,1,1,1,0,1,"","36",6,4,-1,-1,-1,-1,-1,-1,-1,-1,11,9,3,2,8,7,-1,-1,53,47,1.42,1.08,2.42,42,62,42,21,17,28,70,45,66,7.54,3.90,2.90,3.10,2.35,1.34,2.05,3.75,0.00,1.91,1.91,Seoul Olympic Stadium (Seoul)
1540101600,Oct 21 2018 - 6:00am,complete,N/A,Daejeon Citizen,Busan I'Park,N/A,33,1.33,1.75,1.42,1.72,0,1,1,0,0,0,"","75",7,9,-1,-1,-1,-1,-1,-1,-1,-1,8,13,4,6,4,7,-1,-1,51,49,1.23,1.78,2.26,49,58,42,19,10,26,65,36,75,9.00,4.50,2.85,3.15,2.40,1.30,1.95,3.45,0.00,1.83,1.95,Daejeon World Cup Stadium
1540108800,Oct 21 2018 - 8:00am,complete,2478,Asan Mugunghwa,Seongnam,N/A,33,2.00,1.88,2.11,1.83,1,0,1,0,0,0,"87","",4,2,2,0,3,0,1,1,3,0,17,5,6,2,11,3,-1,-1,47,53,1.90,0.77,2.72,63,75,50,28,16,41,66,41,81,10.51,3.99,2.60,3.00,2.65,1.43,2.30,4.35,0.00,2.05,1.77,Yishunsin Stadium (Asan)
1540616400,Oct 27 2018 - 5:00am,complete,3445,Seongnam,Daejeon Citizen,N/A,34,1.63,1.71,1.78,1.53,2,0,2,0,0,0,"47,57","",6,7,1,0,4,0,1,0,2,2,13,10,6,4,7,6,-1,-1,48,52,1.70,1.31,2.47,64,70,43,21,15,24,55,49,79,11.27,3.80,2.00,3.30,3.60,1.31,2.00,3.50,0.00,1.91,1.91,Seongnam Tancheon Sports Complex
1540620000,Oct 27 2018 - 6:00am,complete,496,Seoul E-Land,Asan Mugunghwa,N/A,34,1.00,1.75,1.06,1.89,0,4,4,1,0,1,"","14,47,63,78",3,3,4,0,2,0,0,4,2,0,11,16,2,9,9,7,-1,-1,51,49,1.32,2.07,2.16,38,60,38,16,10,25,72,35,63,9.31,4.67,5.50,3.60,1.59,1.32,2.00,3.55,0.00,2.10,1.74,Seoul Olympic Stadium (Seoul)
1540623600,Oct 27 2018 - 7:00am,complete,830,Bucheon 1995,Suwon,N/A,34,0.75,1.25,0.83,1.11,2,0,2,0,0,0,"67,89","",1,3,2,0,3,0,1,1,1,2,11,14,4,6,7,8,-1,-1,51,49,1.36,1.74,2.04,35,56,31,13,10,19,69,31,66,9.69,3.00,2.80,3.10,2.45,1.33,2.05,3.70,0.00,1.91,1.91,Bucheon Stadium
1540702800,Oct 28 2018 - 5:00am,complete,5064,Busan I'Park,Ansan Greeners,N/A,34,1.44,0.75,1.47,0.72,0,0,0,0,0,0,"","",6,4,-1,-1,-1,-1,-1,-1,-1,-1,13,11,5,3,8,8,-1,-1,47,53,1.74,1.29,2.32,57,72,35,13,10,16,57,41,85,10.01,3.39,1.51,3.95,5.65,1.29,1.95,3.35,0.00,2.05,1.77,Busan Gudeok Stadium
1540706400,Oct 28 2018 - 6:00am,complete,2394,Gwangju,Anyang,N/A,34,1.06,1.00,1.28,0.89,2,1,3,1,1,0,"15,82","71",8,1,2,0,1,0,0,2,1,0,11,13,5,3,6,10,-1,-1,53,47,1.56,1.63,2.57,52,71,48,26,13,33,72,48,68,8.17,3.20,2.35,3.25,2.80,1.30,1.95,3.40,0.00,1.83,2.00,Gwangju World Cup Stadium
1541224800,Nov 03 2018 - 6:00am,complete,N/A,Ansan Greeners,Seoul E-Land,N/A,35,1.47,1.00,1.44,1.00,0,0,0,0,0,0,"","",12,1,-1,-1,-1,-1,-1,-1,-1,-1,13,4,4,0,9,4,-1,-1,49,51,1.73,0.51,2.44,38,74,41,24,6,18,68,44,82,6.85,3.99,2.10,3.15,3.40,1.33,2.05,3.70,0.00,1.95,1.87,Ansan Wa~ Stadium
1541224800,Nov 03 2018 - 6:00am,complete,N/A,Daejeon Citizen,Bucheon 1995,N/A,35,1.25,1.41,1.42,1.33,3,0,3,1,1,0,"23,77,87","",5,9,-1,-1,-1,-1,-1,-1,-1,-1,12,14,7,8,5,6,-1,-1,52,48,1.58,1.90,2.50,61,69,52,18,9,24,70,48,82,8.15,4.53,1.80,3.45,4.25,1.31,2.00,3.50,0.00,2.00,1.83,Daejeon World Cup Stadium
1541224800,Nov 03 2018 - 6:00am,complete,N/A,Suwon,Seongnam,N/A,35,1.29,1.76,1.22,1.83,0,1,1,0,0,0,"","71",3,2,-1,-1,-1,-1,-1,-1,-1,-1,15,9,4,5,11,4,-1,-1,52,48,1.66,1.33,2.50,50,68,44,21,15,38,62,41,77,10.81,3.68,3.80,3.15,1.95,1.36,2.10,3.90,0.00,2.00,1.80,Suwon Civil Stadium
1541307600,Nov 04 2018 - 5:00am,complete,6532,Busan I'Park,Gwangju,N/A,35,1.41,1.41,1.47,1.32,2,2,4,2,1,1,"36,78","17,90'4",3,4,4,1,2,0,2,3,0,2,16,10,7,3,9,7,-1,-1,48,52,1.94,1.35,2.36,53,65,38,21,15,24,56,33,74,11.69,3.05,2.00,3.35,3.40,1.27,1.87,3.20,0.00,1.80,2.05,Busan Gudeok Stadium
1541318400,Nov 04 2018 - 8:00am,complete,4277,Asan Mugunghwa,Anyang,N/A,35,2.06,0.94,2.11,0.89,2,1,3,0,0,0,"86,90'6","75",6,3,2,0,2,0,0,2,2,0,19,11,7,4,12,7,-1,-1,50,50,2.35,1.28,2.40,46,64,43,19,13,27,70,37,73,8.01,4.08,1.65,3.65,4.85,1.36,2.15,3.95,0.00,2.25,1.67,Yishunsin Stadium (Asan)
1541912400,Nov 11 2018 - 5:00am,complete,3048,Gwangju,Ansan Greeners,N/A,36,1.18,0.76,1.28,0.72,4,0,4,3,3,0,"4,40,45,90'1","",5,2,2,0,3,1,0,2,2,2,21,11,13,3,8,8,-1,-1,47,53,2.88,1.36,2.29,56,71,42,21,9,21,53,47,76,8.78,3.30,1.95,3.30,3.70,1.33,2.05,3.65,0.00,1.95,1.83,Gwangju World Cup Stadium
1541912400,Nov 11 2018 - 5:00am,complete,4167,Seongnam,Busan I'Park,N/A,36,1.71,1.82,1.78,1.72,1,0,1,0,0,0,"86","",3,2,1,0,1,1,1,0,1,1,9,10,5,4,4,6,-1,-1,53,47,1.45,1.29,2.18,50,59,38,21,9,24,50,44,68,11.25,3.43,2.15,3.15,3.35,1.30,1.95,3.45,0.00,1.87,1.95,Seongnam Tancheon Sports Complex
1541912400,Nov 11 2018 - 5:00am,complete,2850,Daejeon Citizen,Anyang,N/A,36,1.35,0.88,1.42,0.89,2,2,4,1,0,1,"69,84","9,56",4,3,2,0,1,0,1,1,1,0,16,12,4,5,12,7,-1,-1,47,53,1.87,1.51,2.27,47,62,44,9,9,21,74,38,74,8.50,4.30,2.35,3.20,2.90,1.32,2.00,3.60,0.00,1.91,1.91,Daejeon World Cup Stadium
1541912400,Nov 11 2018 - 5:00am,complete,1063,Seoul E-Land,Suwon,N/A,36,0.94,1.18,1.06,1.11,1,0,1,1,1,0,"41","",2,13,-1,-1,-1,-1,-1,-1,-1,-1,6,12,4,3,2,9,-1,-1,51,49,0.95,1.62,2.27,32,59,35,24,15,21,71,41,65,8.81,4.22,2.90,3.20,2.35,1.34,2.05,3.70,0.00,1.91,1.91,Seoul Olympic Stadium (Seoul)
1541912400,Nov 11 2018 - 5:00am,complete,797,Bucheon 1995,Asan Mugunghwa,N/A,36,0.88,1.82,0.83,1.89,0,1,1,0,0,0,"","90'2",2,4,1,0,0,0,1,0,0,0,12,16,5,7,7,9,-1,-1,51,49,1.62,2.09,2.03,35,62,35,9,3,21,68,32,68,9.65,3.81,4.20,3.40,1.80,1.30,1.95,3.45,0.00,1.95,1.87,Bucheon Stadium
1543399200,Nov 28 2018 - 10:00am,complete,3121,Daejeon Citizen,Gwangju,N/A,N/A,1.47,1.33,1.47,1.30,1,0,1,0,0,0,"68","",5,1,2,0,1,0,1,1,0,1,8,11,4,5,4,6,-1,-1,49,51,1.39,1.68,2.55,56,69,47,26,14,28,61,43,81,9.99,1.84,2.25,3.15,3.05,1.39,2.20,4.15,0.00,2.05,1.80,Daejeon World Cup Stadium
1543647600,Dec 01 2018 - 7:00am,complete,8132,Busan I'Park,Daejeon Citizen,N/A,N/A,1.56,1.51,1.59,1.47,3,0,3,2,2,0,"6,42,90'3","",6,7,1,0,0,0,0,1,0,0,13,15,6,4,7,11,-1,-1,51,49,1.86,2.12,2.47,52,66,43,22,13,25,60,43,84,9.76,1.94,0.00,0.00,0.00,0.00,0.00,0.00,0.00,0.00,0.00,Busan Gudeok Stadium
